
-- phpMyAdmin SQL Dump
-- version 5.2.1
-- https://www.phpmyadmin.net/
--
-- Host: 127.0.0.1:3306
-- Generation Time: Nov 22, 2024 at 12:24 PM
-- Server version: 8.3.0
-- PHP Version: 8.2.18

SET SQL_MODE = "NO_AUTO_VALUE_ON_ZERO";
START TRANSACTION;
SET time_zone = "+00:00";


/*!40101 SET @OLD_CHARACTER_SET_CLIENT=@@CHARACTER_SET_CLIENT */;
/*!40101 SET @OLD_CHARACTER_SET_RESULTS=@@CHARACTER_SET_RESULTS */;
/*!40101 SET @OLD_COLLATION_CONNECTION=@@COLLATION_CONNECTION */;
/*!40101 SET NAMES utf8mb4 */;

--
-- Database: `neww`
--

-- --------------------------------------------------------

--
-- Table structure for table `manufactures`
--

DROP TABLE IF EXISTS `manufactures`;
CREATE TABLE IF NOT EXISTS `manufactures` (
  `manu_id` int NOT NULL AUTO_INCREMENT,
  `manu_name` varchar(100) COLLATE utf8mb4_unicode_ci NOT NULL,
  `img` varchar(150) COLLATE utf8mb4_unicode_ci NOT NULL,
  PRIMARY KEY (`manu_id`)
) ENGINE=InnoDB AUTO_INCREMENT=6 DEFAULT CHARSET=utf8mb4 COLLATE=utf8mb4_unicode_ci;

--
-- Dumping data for table `manufactures`
--

INSERT INTO `manufactures` (`manu_id`, `manu_name`, `img`) VALUES
(1, 'Apple', 'https://substackcdn.com/image/fetch/f_auto,q_auto:good,fl_progressive:steep/https%3A%2F%2Fsubstack-post-media.s3.amazonaws.com%2Fpublic%2Fimages%2F8ed'),
(2, 'Samsung', 'https://images.samsung.com/is/image/samsung/assets/vn/about-us/brand/logo/mo/256_144_2.png?$512_N_PNG$'),
(3, 'Oppo', 'https://encrypted-tbn0.gstatic.com/images?q=tbn:ANd9GcQEJHKwJ0kuQXsuVCSbFuJ39zR91jtxvQVaKQ&s'),
(4, 'Xiaomi', 'https://thanhnien.mediacdn.vn/Uploaded/minhnguyet/2022_01_30/logo-xiaomi-3035.jpg'),
(5, 'Sony', 'https://logos-world.net/wp-content/uploads/2020/06/Sony-Logo.jpg');
COMMIT;

/*!40101 SET CHARACTER_SET_CLIENT=@OLD_CHARACTER_SET_CLIENT */;
/*!40101 SET CHARACTER_SET_RESULTS=@OLD_CHARACTER_SET_RESULTS */;
/*!40101 SET COLLATION_CONNECTION=@OLD_COLLATION_CONNECTION */;

-- --------------------------------------------------------

--
-- Cấu trúc bảng cho bảng `protypes`
--

CREATE TABLE `protypes` (
  `type_id` int(11) NOT NULL,
  `type_name` varchar(100) NOT NULL
) ENGINE=InnoDB DEFAULT CHARSET=utf8mb4 COLLATE=utf8mb4_unicode_ci;

--
-- Đang đổ dữ liệu cho bảng `protypes`
--

INSERT INTO `protypes` (`type_id`, `type_name`) VALUES
(1, 'Điện thoại'),
(2, 'Laptop'),
(3, 'Loa'),
(4, 'Tablet'),
(5, 'Smartwatch');
COMMIT;

/*!40101 SET CHARACTER_SET_CLIENT=@OLD_CHARACTER_SET_CLIENT */;
/*!40101 SET CHARACTER_SET_RESULTS=@OLD_CHARACTER_SET_RESULTS */;
/*!40101 SET COLLATION_CONNECTION=@OLD_COLLATION_CONNECTION */;



-- phpMyAdmin SQL Dump
-- version 5.2.1
-- https://www.phpmyadmin.net/
--
-- Host: 127.0.0.1:3306
-- Generation Time: Nov 21, 2024 at 02:02 PM
-- Server version: 8.3.0
-- PHP Version: 8.2.18

SET SQL_MODE = "NO_AUTO_VALUE_ON_ZERO";
START TRANSACTION;
SET time_zone = "+00:00";
-- phpMyAdmin SQL Dump
-- version 5.2.1
-- https://www.phpmyadmin.net/
--
-- Host: 127.0.0.1:3306
-- Generation Time: Nov 24, 2024 at 10:29 AM
-- Server version: 8.3.0
-- PHP Version: 8.2.18

SET SQL_MODE = "NO_AUTO_VALUE_ON_ZERO";
START TRANSACTION;
SET time_zone = "+00:00";


/*!40101 SET @OLD_CHARACTER_SET_CLIENT=@@CHARACTER_SET_CLIENT */;
/*!40101 SET @OLD_CHARACTER_SET_RESULTS=@@CHARACTER_SET_RESULTS */;
/*!40101 SET @OLD_COLLATION_CONNECTION=@@COLLATION_CONNECTION */;
/*!40101 SET NAMES utf8mb4 */;

--
-- Database: `new`
--

-- --------------------------------------------------------

--
-- Table structure for table `products`
--

DROP TABLE IF EXISTS `products`;
CREATE TABLE IF NOT EXISTS `products` (
  `id` int NOT NULL AUTO_INCREMENT,
  `name` varchar(100) COLLATE utf8mb4_unicode_ci NOT NULL,
  `manu_id` int NOT NULL,
  `type_id` int NOT NULL,
  `price` int NOT NULL,
  `image` varchar(150) COLLATE utf8mb4_unicode_ci NOT NULL,
  `description` text COLLATE utf8mb4_unicode_ci NOT NULL,
  `feature` int NOT NULL,
  `created_at` timestamp NOT NULL DEFAULT CURRENT_TIMESTAMP ON UPDATE CURRENT_TIMESTAMP,
  PRIMARY KEY (`id`)
) ENGINE=InnoDB AUTO_INCREMENT=51 DEFAULT CHARSET=utf8mb4 COLLATE=utf8mb4_unicode_ci;

--
-- Dumping data for table `products`
--

INSERT INTO `products` (`id`, `name`, `manu_id`, `type_id`, `price`, `image`, `description`, `feature`, `created_at`) VALUES
(1, 'iPhone 13', 1, 1, 999, 'apple1.png', 'Apple iPhone 13 là mẫu smartphone cao cấp của Apple, ra mắt vào tháng 9 năm 2021. iPhone 13 sở hữu thiết kế tinh tế với khung viền nhôm và mặt lưng kính, cùng màn hình Super Retina XDR OLED 6.1 inch, mang đến màu sắc rực rỡ và độ sáng cao. Màn hình này có độ phân giải 2532 x 1170 pixel, hỗ trợ HDR10 và Dolby Vision, cho trải nghiệm hình ảnh sống động và sắc nét.\r\n\r\nĐiểm mạnh của iPhone 13 nằm ở hiệu năng với chip A15 Bionic, được sản xuất trên tiến trình 5nm, cho phép xử lý tác vụ nhanh chóng và tiết kiệm năng lượng. Với GPU 4 lõi, iPhone 13 mang đến hiệu suất đồ họa vượt trội, thích hợp cho các tác vụ đồ họa cao như chơi game hay chỉnh sửa video.\r\n\r\nMáy sở hữu hệ thống camera kép 12MP, bao gồm một camera chính và một camera góc siêu rộng. iPhone 13 hỗ trợ chế độ Chân dung, Night Mode và Deep Fusion, giúp chụp ảnh đẹp trong mọi điều kiện ánh sáng. Ngoài ra, iPhone 13 còn hỗ trợ quay video 4K HDR với Dolby Vision, mang đến chất lượng video chuyên nghiệp.\r\n\r\niPhone 13 có dung lượng lưu trữ từ 128GB, 256GB đến 512GB, hỗ trợ kết nối 5G, Wi-Fi 6, và Bluetooth 5.0. Máy sử dụng hệ điều hành iOS 15 và được trang bị viên pin có thời gian sử dụng dài hơn so với các thế hệ trước, với thời gian sử dụng lên đến 19 giờ phát video liên tục.\r\n\r\nGiá tham khảo của iPhone 13 bắt đầu từ khoảng 22,000,000 VNĐ tùy vào cấu hình và phiên bản.', 1, '2024-11-24 08:51:36'),
(2, 'MacBook Pro', 1, 2, 1299, 'apple2.png', 'Apple MacBook Pro là dòng laptop chuyên nghiệp của Apple, được thiết kế cho những người dùng cần hiệu suất mạnh mẽ để xử lý các tác vụ đòi hỏi cao như chỉnh sửa video, thiết kế đồ họa, lập trình và các ứng dụng chuyên sâu khác. Phiên bản mới nhất (2023) của MacBook Pro được trang bị chip Apple M2 Pro hoặc M2 Max, mang lại hiệu suất vượt trội với khả năng xử lý đa tác vụ, đồ họa mạnh mẽ và thời gian sử dụng pin dài.\r\n\r\nMacBook Pro có hai kích thước màn hình: 14 inch và 16 inch, với màn hình Liquid Retina XDR, độ phân giải cao (3024 x 1964 pixel cho 14 inch và 3456 x 2234 pixel cho 16 inch), hỗ trợ công nghệ ProMotion với tần số quét 120Hz, mang lại trải nghiệm mượt mà và chính xác cho công việc sáng tạo.\r\n\r\nMáy hỗ trợ các cổng kết nối đa dạng như Thunderbolt 4, HDMI, khe thẻ SDXC và cổng sạc MagSafe 3, giúp kết nối dễ dàng với nhiều thiết bị ngoại vi. MacBook Pro cũng sở hữu hệ thống âm thanh tốt với sáu loa và hỗ trợ Dolby Atmos, mang đến âm thanh sống động cho việc giải trí và làm việc.\r\n\r\nVới khả năng kéo dài thời gian sử dụng pin lên đến 22 giờ (cho phiên bản 16 inch), MacBook Pro là lựa chọn lý tưởng cho những ai cần một chiếc laptop mạnh mẽ nhưng lại dễ dàng mang theo trong công việc hàng ngày.\r\n\r\nGiá tham khảo của MacBook Pro bắt đầu từ khoảng 38,000,000 VNĐ (cho phiên bản 14 inch) và có thể lên đến hơn 60,000,000 VNĐ tùy vào cấu hình (chip M2 Pro/M2 Max, dung lượng bộ nhớ và bộ lưu trữ).', 1, '2024-11-24 09:10:33'),
(3, 'HomePod', 1, 3, 299, 'apple3.png', 'Apple HomePod là dòng loa thông minh cao cấp của Apple, được thiết kế để tối ưu hóa trải nghiệm âm thanh trong hệ sinh thái của hãng. HomePod có thiết kế hình trụ tròn với lớp vải lưới bọc bên ngoài, mang lại vẻ đẹp hiện đại và khả năng khuếch tán âm thanh 360 độ.  \r\n\r\nLoa được trang bị chip S7 (ở thế hệ HomePod 2) hoặc A8 (ở thế hệ đầu), giúp xử lý âm thanh theo thời gian thực để tối ưu hóa chất lượng nhạc dựa trên không gian phòng. Kích thước của loa là 168mm x 142mm, trọng lượng khoảng 2.3kg. HomePod có tích hợp Siri để điều khiển bằng giọng nói, hỗ trợ các tác vụ như phát nhạc, điều khiển thiết bị nhà thông minh qua HomeKit, và trả lời câu hỏi.  \r\n\r\nLoa tương thích tốt nhất với Apple Music và các thiết bị iPhone, iPad. Nó hỗ trợ công nghệ Spatial Audio với Dolby Atmos, mang đến trải nghiệm âm thanh ba chiều sống động. Giá tham khảo của HomePod vào khoảng 7,000,000 VNĐ (tùy phiên bản và thị trường).  ', 0, '2024-11-24 09:27:35'),
(4, 'iPad Pro', 1, 4, 799, 'apple4.png', 'Apple iPad Pro là dòng máy tính bảng cao cấp của Apple, với nhiều cải tiến về hiệu suất và tính năng so với các dòng iPad khác. Phiên bản mới nhất của iPad Pro được trang bị chip M2, mang lại hiệu suất mạnh mẽ gần như tương đương với các máy tính xách tay MacBook Pro, hỗ trợ các tác vụ đòi hỏi hiệu suất cao như chỉnh sửa video 4K, thiết kế đồ họa, và chơi game nặng.\r\n\r\niPad Pro có hai kích thước màn hình: 11 inch và 12.9 inch, với màn hình Liquid Retina (11 inch) hoặc Liquid Retina XDR (12.9 inch), hỗ trợ ProMotion với tần số quét 120Hz, True Tone, và độ sáng tối đa lên đến 1600 nits (trong các điều kiện HDR). Màn hình này mang lại trải nghiệm hình ảnh tuyệt vời và mượt mà.\r\n\r\nMáy hỗ trợ Apple Pencil thế hệ 2, Magic Keyboard và Smart Keyboard Folio, giúp biến iPad Pro thành một công cụ mạnh mẽ cho công việc sáng tạo và năng suất. iPad Pro sử dụng cổng USB-C với Thunderbolt 3, giúp kết nối với nhiều thiết bị ngoại vi như màn hình ngoài, ổ cứng, hoặc các thiết bị khác.\r\n\r\nThiết kế của iPad Pro hiện đại với viền mỏng và chất liệu nhôm tái chế. Máy cũng hỗ trợ Face ID để mở khóa và bảo mật, và có thời lượng pin lên đến 10 giờ sử dụng liên tục. Các phiên bản iPad Pro có dung lượng lưu trữ từ 128GB đến 1TB và hỗ trợ kết nối Wi-Fi hoặc Wi-Fi + 5G.\r\n\r\nGiá tham khảo của iPad Pro bắt đầu từ khoảng 22,000,000 VNĐ tùy thuộc vào kích thước màn hình, dung lượng bộ nhớ và cấu hình kết nối.', 1, '2024-11-24 10:05:40'),
(5, 'Apple Watch Series 7', 1, 5, 399, 'apple5.png', 'Apple Watch Series 7 là phiên bản đồng hồ thông minh cao cấp của Apple, ra mắt vào năm 2021, với nhiều cải tiến về thiết kế và tính năng so với các thế hệ trước. Apple Watch Series 7 sở hữu màn hình Retina Always-On với viền mỏng hơn và lớn hơn so với các phiên bản trước, với các kích thước 41mm và 45mm. Màn hình có độ sáng cao, lên đến 1000 nits, giúp người dùng dễ dàng xem thông báo hoặc theo dõi thông tin ngay cả dưới ánh sáng mặt trời mạnh.\r\n\r\nĐồng hồ được trang bị chip S7 với hiệu suất nhanh chóng, giúp thực hiện các tác vụ và ứng dụng mượt mà. Ngoài ra, Series 7 hỗ trợ theo dõi sức khỏe và thể dục với các tính năng như đo nhịp tim, theo dõi oxy trong máu (SpO2), theo dõi giấc ngủ và cảm biến ECG để đo điện tâm đồ.\r\n\r\nApple Watch Series 7 có khả năng chống nước WR50, tức là có thể chịu được nước ở độ sâu lên đến 50m, phù hợp cho các hoạt động thể thao dưới nước như bơi. Đồng hồ còn hỗ trợ tính năng Phát hiện sự cố (Crash Detection) và tính năng gọi khẩn cấp, rất hữu ích trong các tình huống khẩn cấp.\r\n\r\nMột cải tiến đáng chú ý của Series 7 là khả năng sạc nhanh, cho phép đồng hồ sạc từ 0% lên 80% trong khoảng 45 phút, giúp tiết kiệm thời gian sạc.\r\n\r\nThời lượng pin của Apple Watch Series 7 kéo dài khoảng 18 giờ với một lần sạc đầy. Đồng hồ hỗ trợ các kết nối Wi-Fi và Bluetooth 5.0, giúp nhận thông báo và cuộc gọi từ iPhone, cũng như điều khiển các ứng dụng và âm nhạc.\r\n\r\nGiá tham khảo của Apple Watch Series 7 bắt đầu từ khoảng 8,000,000 VNĐ, tùy thuộc vào kích thước và vật liệu vỏ (nhôm, thép không gỉ hoặc titan).', 0, '2024-11-24 10:24:07'),
(6, 'Galaxy S21', 2, 1, 799, 'samsum1.png', '**Samsung Galaxy S21** là một trong những mẫu flagship nổi bật của Samsung trong năm 2021, thuộc dòng Galaxy S. Máy mang đến thiết kế hiện đại, hiệu năng mạnh mẽ, và các tính năng cao cấp, phù hợp cho những người dùng yêu thích sự sang trọng, hiệu suất mạnh mẽ, và trải nghiệm camera vượt trội.\r\n\r\n### **Thiết kế:**\r\nGalaxy S21 có thiết kế đẹp mắt với mặt lưng nhựa polycarbonate (cho phiên bản S21), giúp giảm trọng lượng và mang lại cảm giác cầm nắm thoải mái. Cụm camera sau có thiết kế nổi bật với cảm biến lớn và một dải kim loại bao quanh. Máy có màn hình 6.2 inch với viền mỏng và thiết kế khoét hình viên thuốc cho camera trước.\r\n\r\n### **Màn hình:**\r\nSamsung Galaxy S21 sở hữu màn hình Dynamic AMOLED 2X với độ phân giải Full HD+ (1080 x 2400 pixels), hỗ trợ tần số quét 120Hz giúp mang đến trải nghiệm hình ảnh mượt mà, đặc biệt khi cuộn trang hoặc chơi game. Màn hình này có độ sáng cao, hỗ trợ HDR10+ cho khả năng hiển thị màu sắc sống động và sắc nét.\r\n\r\n### **Hiệu năng:**\r\nGalaxy S21 được trang bị vi xử lý Exynos 2100 (hoặc Snapdragon 888 tại một số thị trường), RAM 8GB và bộ nhớ trong 128GB hoặc 256GB. Máy có hiệu suất mạnh mẽ, dễ dàng xử lý mọi tác vụ nặng như chơi game đồ họa cao, làm việc với các ứng dụng văn phòng và chỉnh sửa hình ảnh.\r\n\r\n### **Camera:**\r\n- **Camera chính**: 12MP với khẩu độ f/1.8, cảm biến lớn giúp chụp ảnh tốt trong điều kiện thiếu sáng.\r\n- **Camera góc rộng**: 12MP, hỗ trợ chụp ảnh rộng với độ chi tiết cao.\r\n- **Camera telephoto**: 64MP với khả năng zoom quang học 3x và zoom kỹ thuật số lên đến 30x.\r\nMáy hỗ trợ quay video 8K, quay video siêu chậm (960fps) và nhiều chế độ chụp ảnh sáng tạo khác.\r\n\r\n### **Pin và Sạc:**\r\nGalaxy S21 có viên pin 4000mAh, cho thời gian sử dụng cả ngày dài với các tác vụ thông thường. Máy hỗ trợ sạc nhanh 25W, sạc không dây và sạc ngược không dây.\r\n\r\n### **Kết nối và Tính năng khác:**\r\n- **5G**: Hỗ trợ mạng 5G, mang lại tốc độ truyền tải dữ liệu cực nhanh.\r\n- **Bluetooth 5.0**, **Wi-Fi 6**, **USB-C**: Đảm bảo khả năng kết nối mạnh mẽ và ổn định.\r\n- **Bảo mật**: Máy có cảm biến vân tay dưới màn hình và nhận diện khuôn mặt giúp bảo vệ thông tin cá nhân.\r\n\r\n### **Giá tham khảo:**\r\nGiá của Galaxy S21 dao động từ 15,000,000 VNĐ đến 20,000,000 VNĐ tùy vào cấu hình và thị trường.', 1, '2024-11-24 08:51:46'),
(7, 'Galaxy Book', 2, 2, 1099, 'samsum2.png', '**Samsung Galaxy Book** là dòng máy tính xách tay (laptop) cao cấp của Samsung, được thiết kế để cung cấp hiệu suất mạnh mẽ, tính di động cao và khả năng kết nối vượt trội. Galaxy Book được Samsung phát triển nhằm phục vụ cho các nhu cầu công việc, học tập, giải trí và sáng tạo nội dung với thiết kế hiện đại, tinh tế và các tính năng thông minh.\r\n\r\n**Thiết kế:**\r\nGalaxy Book có thiết kế mỏng nhẹ với vỏ máy bằng kim loại cao cấp, tạo cảm giác sang trọng và bền bỉ. Máy được tối ưu hóa cho tính di động, dễ dàng mang theo mọi lúc, mọi nơi. Các phiên bản Galaxy Book có kích thước màn hình từ 13 đến 15 inch, với viền mỏng để mang lại không gian hiển thị rộng rãi hơn. Màn hình của Galaxy Book thường sử dụng công nghệ Super AMOLED hoặc Full HD, cho chất lượng hiển thị sắc nét, màu sắc sống động và độ tương phản cao.\r\n\r\n**Hiệu năng:**\r\nGalaxy Book trang bị bộ vi xử lý Intel Core thế hệ mới, từ i3, i5 cho đến i7, mang lại hiệu suất mạnh mẽ để xử lý các tác vụ đa nhiệm, làm việc với các phần mềm văn phòng, thiết kế đồ họa, và các ứng dụng đòi hỏi sức mạnh tính toán cao. Máy cũng được trang bị RAM từ 8GB đến 16GB, giúp người dùng thực hiện các tác vụ nhanh chóng mà không gặp tình trạng giật lag. Bộ nhớ trong có dung lượng từ 256GB đến 1TB SSD, giúp lưu trữ dữ liệu tốc độ cao và khởi động hệ điều hành nhanh chóng.\r\n\r\n**Màn hình:**\r\nMàn hình của Galaxy Book có độ phân giải Full HD hoặc 4K, tuỳ thuộc vào từng phiên bản, mang lại hình ảnh sắc nét và rõ ràng. Công nghệ Super AMOLED giúp hiển thị màu sắc chân thực, sáng rõ và độ sáng tối đa cao, rất thích hợp cho công việc đồ họa, giải trí, hoặc sử dụng ngoài trời. Một số mẫu Galaxy Book còn hỗ trợ màn hình cảm ứng, giúp người dùng dễ dàng tương tác trực tiếp với máy tính.\r\n\r\n**Bàn phím và Touchpad:**\r\nGalaxy Book có bàn phím dạng chiclet với các phím êm ái, độ nảy tốt, giúp việc gõ văn bản trở nên dễ dàng và thoải mái. Bàn phím cũng có đèn nền, giúp sử dụng trong môi trường thiếu sáng. Touchpad của máy rất nhạy, hỗ trợ các cử chỉ đa điểm, giúp thao tác mượt mà và chính xác.\r\n\r\n**Pin và Sạc:**\r\nGalaxy Book được trang bị viên pin dung lượng lớn, cho phép sử dụng liên tục trong 8 đến 12 giờ tùy vào cấu hình và nhu cầu sử dụng. Máy hỗ trợ công nghệ sạc nhanh, giúp sạc đầy pin nhanh chóng, tiết kiệm thời gian.\r\n\r\n**Kết nối và Cổng giao tiếp:**\r\nGalaxy Book có đầy đủ các cổng kết nối như USB-A, USB-C, HDMI, và cổng tai nghe 3.5mm, giúp người dùng dễ dàng kết nối với các thiết bị ngoại vi như chuột, bàn phím, ổ cứng ngoài, máy chiếu, hoặc màn hình rời. Máy cũng hỗ trợ kết nối Wi-Fi 6 và Bluetooth 5.0, giúp việc truyền tải dữ liệu nhanh chóng và ổn định.\r\n\r\n**Tính năng khác:**\r\n- **Cảm biến vân tay**: Galaxy Book trang bị cảm biến vân tay tích hợp trên nút nguồn, giúp mở khóa máy tính nhanh chóng và bảo mật.\r\n- **Camera và Mic**: Máy có camera HD, hỗ trợ các cuộc gọi video chất lượng cao, và mic đa hướng giúp thu âm rõ ràng.\r\n- **Windows Hello**: Galaxy Book hỗ trợ tính năng nhận diện khuôn mặt thông qua Windows Hello, giúp mở khóa máy tính dễ dàng và bảo mật hơn.\r\n\r\n**Giá tham khảo:**\r\nSamsung Galaxy Book có mức giá dao động từ khoảng 15,000,000 VNĐ đến 30,000,000 VNĐ tùy vào cấu hình và phiên bản. Đây là lựa chọn lý tưởng cho những người tìm kiếm một chiếc laptop cao cấp, hiệu suất mạnh mẽ và thiết kế đẹp, phù hợp cho cả công việc và giải trí.', 0, '2024-11-24 09:10:55'),
(8, 'Samsung Soundbar', 2, 3, 199, 'samsum3.png', '**Samsung Soundbar** là một dòng loa thanh của Samsung, được thiết kế để cải thiện trải nghiệm âm thanh cho TV, mang đến âm thanh mạnh mẽ và rõ ràng hơn so với loa tích hợp sẵn của các TV. Với thiết kế thanh mảnh, tinh tế và khả năng hỗ trợ các công nghệ âm thanh hiện đại, soundbar của Samsung là lựa chọn phổ biến cho những ai muốn nâng cao chất lượng âm thanh trong không gian giải trí tại gia.\r\n\r\n### **Thiết kế:**\r\nSamsung Soundbar có thiết kế tối giản và hiện đại, thường là dạng hình chữ nhật dài, mỏng, và có thể dễ dàng đặt dưới TV hoặc treo trên tường. Chất liệu chủ yếu của loa là nhựa cao cấp với lớp phủ mượt mà, dễ dàng hòa hợp với bất kỳ không gian nội thất nào. Một số dòng sản phẩm còn có vỏ kim loại chắc chắn và trang trí bằng các chi tiết mạ crom, giúp loa thêm phần sang trọng.\r\n\r\n### **Âm thanh:**\r\n- **Công nghệ Dolby Atmos và DTS:X**: Samsung Soundbar hỗ trợ các công nghệ âm thanh vòm 3D như Dolby Atmos và DTS:X, mang lại âm thanh surround sống động, tái tạo âm thanh vòm như trong rạp chiếu phim. Các công nghệ này giúp âm thanh lan tỏa khắp không gian, tạo cảm giác âm thanh từ mọi hướng.\r\n- **Hệ thống loa**: Các dòng soundbar của Samsung thường được trang bị nhiều loa con (drivers) và có thêm loa siêu trầm (subwoofer) đi kèm, giúp tăng cường âm bass và mang lại trải nghiệm âm thanh đầy đủ hơn. Một số dòng có loa siêu trầm không dây, dễ dàng lắp đặt và di chuyển.\r\n- **Q-Symphony**: Công nghệ này đồng bộ âm thanh giữa soundbar và TV Samsung, mang lại chất lượng âm thanh đồng nhất và nâng cao trải nghiệm nghe nhạc, xem phim hoặc chơi game.\r\n\r\n### **Kết nối và Tính năng:**\r\n- **Kết nối không dây và có dây**: Samsung Soundbar hỗ trợ kết nối qua HDMI (ARC/eARC), Bluetooth, và Wi-Fi. Bạn có thể dễ dàng kết nối loa với TV mà không cần phải lo lắng về việc đi dây lộn xộn.\r\n- **Bluetooth**: Tính năng Bluetooth cho phép bạn kết nối với các thiết bị di động như điện thoại, máy tính bảng hoặc máy tính để phát nhạc trực tiếp qua soundbar.\r\n- **Chế độ âm thanh tự động (Adaptive Sound)**: Soundbar của Samsung có khả năng tự động điều chỉnh âm thanh dựa trên nội dung đang phát (như phim, chương trình truyền hình, thể thao, v.v.), giúp tối ưu hóa chất lượng âm thanh cho từng tình huống cụ thể.\r\n- **Samsung SmartThings**: Soundbar tương thích với ứng dụng Samsung SmartThings, giúp điều khiển âm thanh và các thiết bị khác trong hệ sinh thái Samsung dễ dàng hơn.\r\n\r\n### **Điều khiển và Điều chỉnh âm thanh:**\r\n- **Điều khiển từ xa**: Soundbar đi kèm với điều khiển từ xa riêng, giúp bạn dễ dàng điều chỉnh âm lượng, chọn chế độ âm thanh, và chuyển đổi giữa các đầu vào.\r\n- **Ứng dụng điều khiển**: Ngoài điều khiển từ xa, bạn cũng có thể điều khiển soundbar thông qua ứng dụng Samsung SmartThings hoặc các ứng dụng điều khiển âm thanh khác trên điện thoại di động.\r\n  \r\n### **Tính năng bổ sung:**\r\n- **Tích hợp Alexa/Google Assistant**: Một số mẫu soundbar của Samsung hỗ trợ trợ lý ảo như Alexa hoặc Google Assistant, cho phép điều khiển bằng giọng nói để phát nhạc, điều chỉnh âm lượng, hoặc kiểm tra thời tiết mà không cần phải dùng tay.\r\n- **Chế độ chơi game**: Một số model soundbar của Samsung được trang bị chế độ chơi game, giúp nâng cao âm thanh và mang lại trải nghiệm nghe rõ ràng và chính xác hơn khi chơi game.\r\n\r\n### **Các dòng sản phẩm nổi bật:**\r\n- **Samsung HW-Q950A**: Dòng soundbar cao cấp hỗ trợ Dolby Atmos và DTS:X với loa siêu trầm không dây và nhiều loa con, mang lại trải nghiệm âm thanh 3D tuyệt vời.\r\n- **Samsung HW-Q800A**: Soundbar này cũng hỗ trợ Dolby Atmos và DTS:X, với âm thanh mạnh mẽ và tính năng Q-Symphony để tối ưu âm thanh với TV Samsung.\r\n- **Samsung HW-T650**: Đây là dòng loa thanh tầm trung với tính năng kết nối không dây, hỗ trợ Bluetooth và âm thanh vòm, phù hợp cho các nhu cầu giải trí cơ bản.\r\n\r\n### **Giá tham khảo:**\r\nGiá của các sản phẩm Samsung Soundbar dao động từ khoảng 3,000,000 VNĐ cho các model cơ bản, đến hơn 10,000,000 VNĐ cho các dòng cao cấp với nhiều tính năng và công nghệ hiện đại.', 1, '2024-11-24 09:27:53'),
(9, 'Galaxy Tab S7', 2, 4, 649, 'samsum4.png', '**Samsung Galaxy Tab S7** là một chiếc máy tính bảng cao cấp của Samsung, nằm trong dòng Galaxy Tab S nổi bật với hiệu năng mạnh mẽ, màn hình chất lượng cao và các tính năng hỗ trợ công việc và giải trí. Đây là lựa chọn lý tưởng cho người dùng tìm kiếm một thiết bị đa năng có thể thay thế laptop cho các tác vụ công việc hoặc sáng tạo.\r\n\r\n### **Thiết kế:**\r\nGalaxy Tab S7 có thiết kế sang trọng với khung kim loại nguyên khối và mặt lưng bằng nhựa mịn, mang đến cảm giác cầm chắc tay và cao cấp. Máy có màn hình lớn 11 inch (Tab S7) hoặc 12.4 inch (Tab S7+), với các viền mỏng bao quanh giúp tối ưu hóa không gian hiển thị. Tab S7 có trọng lượng khoảng 498g (phiên bản 11 inch), khá nhẹ và dễ dàng mang theo khi di chuyển.\r\n\r\n### **Màn hình:**\r\nGalaxy Tab S7 trang bị màn hình LTPS TFT 11 inch với độ phân giải 2560 x 1600 pixels, mang lại hình ảnh sắc nét và sống động. Màn hình này hỗ trợ tần số quét 120Hz, giúp trải nghiệm cuộn mượt mà và chơi game ấn tượng. Bên cạnh đó, màn hình còn hỗ trợ HDR10+ để tăng cường độ tương phản và màu sắc khi xem phim hoặc chơi game. Phiên bản Tab S7+ có màn hình AMOLED 12.4 inch, mang lại màu sắc sống động hơn, đặc biệt khi sử dụng trong điều kiện ánh sáng yếu.\r\n\r\n### **Hiệu năng:**\r\nGalaxy Tab S7 được trang bị vi xử lý Qualcomm Snapdragon 865+ (hoặc Snapdragon 865 tại một số thị trường), kết hợp với 6GB hoặc 8GB RAM và bộ nhớ trong 128GB, 256GB hoặc 512GB (có thể mở rộng qua thẻ microSD). Với cấu hình này, Tab S7 dễ dàng xử lý mọi tác vụ từ lướt web, xem video, chơi game nặng cho đến làm việc với các ứng dụng văn phòng, chỉnh sửa hình ảnh, hoặc sáng tạo nội dung.\r\n\r\n### **Camera:**\r\n- **Camera chính**: 13MP với khẩu độ f/2.0 và camera siêu rộng 5MP, giúp chụp ảnh rõ nét và sắc màu trong các điều kiện ánh sáng khác nhau.\r\n- **Camera trước**: 8MP, hỗ trợ tốt cho các cuộc gọi video và chụp ảnh selfie. Camera này cũng đủ khả năng chụp ảnh nhóm hoặc các bức ảnh tự sướng chất lượng.\r\n\r\n### **Bút S Pen:**\r\nMột điểm nổi bật của Galaxy Tab S7 là sự tích hợp của bút S Pen, với độ trễ cực thấp chỉ khoảng 9ms, mang lại trải nghiệm viết, vẽ và ghi chú mượt mà như trên giấy. Bút S Pen đi kèm có thể gắn vào mặt lưng của máy tính bảng qua nam châm và tự động sạc khi không sử dụng. Đây là công cụ lý tưởng cho những người sáng tạo hoặc cần ghi chú nhanh chóng trong công việc.\r\n\r\n### **Pin và Sạc:**\r\nTab S7 sở hữu viên pin 8000mAh (phiên bản 11 inch) và 10090mAh (phiên bản S7+), cho phép sử dụng trong suốt cả ngày với các tác vụ thông thường như xem phim, lướt web, hay làm việc văn phòng. Máy hỗ trợ sạc nhanh 45W, giúp nạp đầy pin nhanh chóng khi cần thiết. Mặc dù sạc nhanh 45W có sẵn, nhưng bộ sạc nhanh 45W này phải được mua riêng.\r\n\r\n### **Kết nối và Tính năng khác:**\r\n- **Kết nối**: Galaxy Tab S7 hỗ trợ Wi-Fi 6, Bluetooth 5.0 và có phiên bản hỗ trợ 5G, giúp kết nối internet nhanh chóng và ổn định. Cổng USB-C hỗ trợ truyền tải dữ liệu và sạc nhanh.\r\n- **Bảo mật**: Tab S7 có cảm biến vân tay tích hợp trong nút nguồn để bảo mật nhanh chóng và dễ dàng.\r\n- **Android**: Máy chạy trên hệ điều hành Android 10 với giao diện One UI của Samsung, mang lại khả năng tùy chỉnh cao và nhiều tính năng hỗ trợ đa nhiệm.\r\n\r\n### **Giá tham khảo:**\r\nGalaxy Tab S7 có giá dao động từ khoảng 15,000,000 VNĐ đến 20,000,000 VNĐ tùy vào cấu hình và thị trường. Phiên bản Tab S7+ với màn hình AMOLED lớn và nhiều tính năng cao cấp sẽ có giá cao hơn so với phiên bản Tab S7 tiêu chuẩn.', 0, '2024-11-24 10:05:57'),
(10, 'Galaxy Watch 4', 2, 5, 249, 'samsum5.png', '**Samsung Galaxy Watch 4** là một chiếc đồng hồ thông minh thuộc dòng Galaxy Watch của Samsung, được ra mắt với nhiều cải tiến về sức khỏe, theo dõi thể thao, và tính năng thông minh, mang lại cho người dùng một trải nghiệm đồng hồ thông minh toàn diện. Đây là một trong những chiếc đồng hồ đầu tiên chạy hệ điều hành Wear OS kết hợp với giao diện One UI của Samsung, giúp đồng hồ trở nên mượt mà và linh hoạt hơn.\r\n\r\n### **Thiết kế:**\r\nGalaxy Watch 4 có thiết kế tinh tế và hiện đại với khung kim loại chắc chắn và mặt kính Corning Gorilla Glass DX+, bảo vệ màn hình khỏi trầy xước. Màn hình tròn với kích thước 40mm hoặc 44mm, phù hợp cho cả nam và nữ, mang đến vẻ ngoài sang trọng và dễ dàng đeo lâu dài. Đồng hồ có hai phiên bản: một với viền cảm ứng (Touch Bezel) và một với viền xoay vật lý, giúp dễ dàng điều hướng menu và ứng dụng.\r\n\r\nMặt đồng hồ có thể thay đổi với nhiều kiểu dáng và dây đeo khác nhau, mang lại tính cá nhân hóa cao cho người dùng.\r\n\r\n### **Màn hình:**\r\nGalaxy Watch 4 sở hữu màn hình Super AMOLED sắc nét với độ phân giải 450 x 450 pixels, cho phép hiển thị hình ảnh và thông báo rõ ràng. Màn hình này có độ sáng cao, dễ dàng nhìn thấy dưới ánh sáng mặt trời. Tấm nền Super AMOLED giúp màu sắc hiển thị sống động, trong khi độ tương phản cao tạo ra trải nghiệm thị giác ấn tượng.\r\n\r\n### **Hiệu năng và Hệ điều hành:**\r\nGalaxy Watch 4 được trang bị vi xử lý Exynos W920, kết hợp với 1.5GB RAM và 16GB bộ nhớ trong. Cấu hình mạnh mẽ giúp đồng hồ hoạt động mượt mà, mở ứng dụng nhanh chóng và xử lý các tác vụ dễ dàng.\r\n\r\nĐiều đặc biệt là Galaxy Watch 4 chạy trên hệ điều hành Wear OS 3.0, một hệ điều hành dành riêng cho đồng hồ thông minh do Google phát triển, kết hợp với giao diện One UI của Samsung. Hệ điều hành này mang lại trải nghiệm người dùng trực quan, dễ dàng kết nối với các ứng dụng Android, như Spotify, Google Maps, WhatsApp, và các ứng dụng khác.\r\n\r\n### **Tính năng sức khỏe và thể thao:**\r\nGalaxy Watch 4 cung cấp nhiều tính năng theo dõi sức khỏe và thể thao, bao gồm:\r\n- **Theo dõi nhịp tim**: Với cảm biến quang học giúp đo nhịp tim chính xác.\r\n- **ECG (Điện tâm đồ)**: Cho phép người dùng kiểm tra nhịp tim và phát hiện bất kỳ vấn đề tim mạch nào.\r\n- **Phân tích thành phần cơ thể**: Galaxy Watch 4 có thể đo và phân tích các chỉ số như tỷ lệ mỡ cơ thể, khối lượng cơ bắp, và lượng nước trong cơ thể, giúp người dùng theo dõi sức khỏe toàn diện.\r\n- **Theo dõi giấc ngủ**: Theo dõi chất lượng giấc ngủ với các chế độ như theo dõi REM, giấc ngủ sâu, và giấc ngủ nhẹ.\r\n- **Hỗ trợ thể thao**: Đồng hồ hỗ trợ hơn 90 chế độ thể thao khác nhau, bao gồm chạy, bơi, đạp xe, và yoga, với khả năng theo dõi chính xác các chỉ số như tốc độ, quãng đường, và lượng calo tiêu thụ.\r\n\r\n### **Pin và Sạc:**\r\nGalaxy Watch 4 được trang bị viên pin 361mAh (phiên bản 40mm) hoặc 247mAh (phiên bản 44mm), cho phép sử dụng lên đến 1-2 ngày tùy vào mức độ sử dụng. Đồng hồ hỗ trợ sạc không dây, giúp nạp lại pin nhanh chóng và tiện lợi.\r\n\r\n### **Kết nối và Tính năng khác:**\r\n- **Kết nối**: Galaxy Watch 4 hỗ trợ Bluetooth 5.0, Wi-Fi, và có phiên bản hỗ trợ LTE, giúp người dùng có thể nhận cuộc gọi và tin nhắn mà không cần kết nối với điện thoại.\r\n- **GPS**: Hỗ trợ GPS tích hợp giúp theo dõi vị trí chính xác khi chạy hoặc đi bộ ngoài trời.\r\n- **Bảo mật**: Galaxy Watch 4 hỗ trợ tính năng bảo mật với cảm biến vân tay và khóa màn hình.\r\n- **Tính năng thông minh**: Đồng hồ hỗ trợ các tính năng thông minh như nhận thông báo, trả lời cuộc gọi, điều khiển nhạc, và thanh toán Samsung Pay (nếu có hỗ trợ).\r\n\r\n### **Giá tham khảo:**\r\nGalaxy Watch 4 có giá dao động từ khoảng 5,000,000 VNĐ đến 8,000,000 VNĐ tùy theo phiên bản và cấu hình. Phiên bản LTE sẽ có giá cao hơn so với phiên bản chỉ hỗ trợ kết nối Bluetooth.\r\n\r\n### **Kết luận:**\r\nSamsung Galaxy Watch 4 là một chiếc đồng hồ thông minh với thiết kế đẹp mắt, hiệu năng mạnh mẽ và tính năng sức khỏe vượt trội, rất phù hợp cho những ai tìm kiếm một chiếc đồng hồ thông minh để theo dõi sức khỏe, tập luyện thể thao và sử dụng các tính năng thông minh hàng ngày.', 1, '2024-11-24 10:24:25'),
(11, 'Oppo Find X3', 3, 1, 699, 'oppo1.png', 'Oppo Find X3 là một mẫu điện thoại cao cấp thuộc dòng Find của Oppo, được ra mắt vào năm 2021. Đây là một chiếc smartphone mạnh mẽ, với thiết kế sang trọng và các tính năng tiên tiến, nhắm đến những người dùng yêu cầu hiệu suất mạnh mẽ và camera chất lượng cao.\r\n\r\n**Thiết kế và Màn hình:**\r\nOppo Find X3 có màn hình OLED 6.7 inch, độ phân giải QHD+ (3216 x 1440 pixel) và hỗ trợ tần số quét 120Hz, mang đến trải nghiệm hình ảnh sắc nét và mượt mà khi sử dụng, đặc biệt là khi chơi game hoặc xem video. Màn hình này còn hỗ trợ HDR10+ và dải màu P3, giúp hiển thị màu sắc sống động và chi tiết.\r\n\r\n**Hiệu năng:**\r\nOppo Find X3 được trang bị vi xử lý Qualcomm Snapdragon 888, cùng với RAM 8GB hoặc 12GB, giúp thiết bị hoạt động mượt mà và xử lý tốt mọi tác vụ, từ các ứng dụng nặng đến các trò chơi yêu cầu đồ họa cao. Bộ nhớ trong của máy là 256GB, nhưng không hỗ trợ thẻ nhớ ngoài.\r\n\r\n**Camera:**\r\nMột trong những điểm nổi bật của Oppo Find X3 chính là hệ thống camera. Máy có camera chính 50MP với khẩu độ f/1.8, hỗ trợ lấy nét tự động theo pha và chống rung quang học (OIS). Bên cạnh đó, camera siêu rộng 50MP cũng hỗ trợ chụp ảnh góc rộng với chất lượng cao. Oppo Find X3 còn có một camera macro 3MP và camera telephoto 13MP, giúp chụp các đối tượng từ xa và những chi tiết nhỏ một cách sắc nét. Máy hỗ trợ quay video 4K với các tính năng như ổn định video và hiệu ứng AI.\r\n\r\n**Pin và Sạc:**\r\nĐiện thoại có viên pin 4500mAh và hỗ trợ sạc nhanh SuperVOOC 2.0 65W, giúp sạc đầy pin từ 0 đến 100% chỉ trong khoảng 35 phút. Ngoài ra, Oppo Find X3 cũng hỗ trợ sạc không dây và sạc ngược không dây, giúp sạc các thiết bị khác.\r\n\r\n**Tính năng khác:**\r\nOppo Find X3 chạy trên hệ điều hành ColorOS 11.2, dựa trên Android 11, với giao diện người dùng tùy chỉnh và các tính năng hữu ích như chế độ bảo mật, nhận diện khuôn mặt, và cảm biến vân tay dưới màn hình.\r\n\r\n**Kết nối:**\r\nMáy hỗ trợ kết nối 5G, Wi-Fi 6, Bluetooth 5.2, và có các cổng kết nối USB Type-C, cùng với khả năng chống nước chuẩn IP68, giúp bảo vệ máy khỏi nước và bụi.\r\n\r\n**Giá tham khảo:**\r\nOppo Find X3 có giá dao động từ khoảng 18,000,000 VNĐ đến 22,000,000 VNĐ, tùy thuộc vào cấu hình và các chương trình khuyến mãi. Đây là một lựa chọn phù hợp cho những người dùng tìm kiếm một chiếc điện thoại cao cấp với hiệu năng mạnh mẽ, camera chất lượng cao và thiết kế sang trọng.', 1, '2024-11-24 08:51:58'),
(12, 'Oppo Laptop', 3, 2, 999, 'oppo2.png', 'Oppo Laptop là dòng sản phẩm máy tính xách tay mới của Oppo, được thiết kế để mang đến trải nghiệm sử dụng mượt mà với hiệu suất cao, hướng đến người dùng cần một chiếc laptop mỏng nhẹ nhưng mạnh mẽ cho công việc, học tập, và giải trí. Tuy Oppo chủ yếu nổi bật với điện thoại thông minh, nhưng dòng laptop của hãng này cũng đã bắt đầu thu hút sự chú ý với thiết kế hiện đại và các tính năng đáng chú ý.\r\n\r\n**Thiết kế và Màn hình:**\r\nOppo Laptop thường có thiết kế mỏng nhẹ với chất liệu kim loại cao cấp, mang lại cảm giác sang trọng và bền bỉ. Màn hình của Oppo Laptop thường có độ phân giải Full HD (1920 x 1080 pixel) hoặc cao hơn, mang đến hình ảnh sắc nét và chi tiết. Màn hình này cũng có độ sáng tốt, giúp sử dụng ngoài trời hoặc trong môi trường ánh sáng mạnh vẫn rõ ràng.\r\n\r\n**Hiệu năng:**\r\nOppo Laptop được trang bị các vi xử lý Intel Core i5 hoặc i7 (hoặc vi xử lý AMD Ryzen tùy vào dòng sản phẩm), với khả năng xử lý các tác vụ văn phòng, lướt web và xem phim mượt mà. Các mẫu laptop của Oppo còn có bộ nhớ RAM từ 8GB đến 16GB và bộ lưu trữ SSD từ 512GB đến 1TB, giúp khởi động nhanh chóng và lưu trữ dữ liệu dễ dàng.\r\n\r\n**Kết nối và Bảo mật:**\r\nOppo Laptop cung cấp các cổng kết nối phổ biến như USB Type-C, USB-A, HDMI và khe thẻ nhớ SD, giúp người dùng dễ dàng kết nối với các thiết bị ngoại vi. Laptop còn hỗ trợ kết nối Wi-Fi 6 và Bluetooth 5.0, cho kết nối mạng nhanh và ổn định. Một số mẫu laptop Oppo có tích hợp cảm biến vân tay để mở khóa máy, tăng cường tính bảo mật.\r\n\r\n**Pin và Sạc:**\r\nThời lượng pin của Oppo Laptop có thể kéo dài từ 8 đến 12 giờ, tùy thuộc vào cấu hình và mức độ sử dụng. Máy hỗ trợ sạc nhanh, giúp sạc đầy nhanh chóng trong thời gian ngắn.\r\n\r\n**Tính năng khác:**\r\nOppo Laptop thường chạy trên hệ điều hành Windows 10 hoặc Windows 11, hỗ trợ các ứng dụng văn phòng, phần mềm sáng tạo và giải trí đa phương tiện. Laptop còn có hệ thống loa stereo chất lượng cao, phục vụ tốt cho việc xem phim và nghe nhạc.\r\n\r\n**Giá tham khảo:**\r\nGiá của Oppo Laptop dao động từ khoảng 15,000,000 VNĐ đến 25,000,000 VNĐ, tùy vào cấu hình và dòng sản phẩm, với các phiên bản cao cấp có thể cao hơn. Đây là một lựa chọn đáng cân nhắc cho người dùng cần một chiếc laptop hiệu suất cao, thiết kế đẹp và tính năng hiện đại.', 0, '2024-11-24 09:11:12'),
(13, 'Oppo Speaker', 3, 3, 129, 'oppo3.png', 'Oppo Speaker là một thiết bị loa di động do Oppo sản xuất, mang lại âm thanh chất lượng cao và tính di động thuận tiện. Đây là sản phẩm hướng đến những người dùng yêu thích nghe nhạc hoặc cần một giải pháp âm thanh di động có thể mang theo bất cứ đâu, từ trong nhà đến ngoài trời.\r\n\r\n**Thiết kế:**\r\nOppo Speaker có thiết kế nhỏ gọn, dễ dàng cầm nắm và di chuyển. Vỏ loa thường được làm từ chất liệu nhựa hoặc kim loại với các đường nét hiện đại, giúp bảo vệ loa khỏi va đập. Các chi tiết như lưới bảo vệ loa và các nút điều khiển được bố trí hợp lý để người dùng dễ dàng thao tác. Một số phiên bản còn có khả năng chống nước, giúp sử dụng trong môi trường ẩm ướt hoặc ngoài trời mà không lo hư hại.\r\n\r\n**Hiệu suất âm thanh:**\r\nOppo Speaker cung cấp âm thanh chất lượng cao với công suất đủ mạnh để sử dụng trong không gian vừa và nhỏ. Loa hỗ trợ các tần số âm thanh rộng, từ âm bass trầm ấm đến âm treble trong trẻo, mang đến trải nghiệm nghe nhạc sống động. Một số mẫu loa của Oppo còn hỗ trợ công nghệ âm thanh 360 độ, giúp âm thanh phát ra đều khắp không gian, mang lại cảm giác nghe tốt hơn trong mọi vị trí.\r\n\r\n**Kết nối:**\r\nOppo Speaker thường hỗ trợ kết nối Bluetooth 5.0, cho phép kết nối nhanh chóng và ổn định với các thiết bị di động, máy tính bảng, laptop hoặc máy tính để bàn. Một số mẫu loa còn có hỗ trợ kết nối NFC hoặc cổng AUX, giúp kết nối với nhiều loại thiết bị khác nhau. Thời gian kết nối và truyền tải âm thanh cũng rất nhanh, hạn chế độ trễ trong quá trình sử dụng.\r\n\r\n**Pin và Sạc:**\r\nLoa Oppo được trang bị pin có thể sử dụng liên tục trong nhiều giờ, tùy vào mức độ âm lượng và loại nhạc phát. Thông thường, pin của Oppo Speaker có thể sử dụng từ 8 đến 12 giờ, đáp ứng tốt nhu cầu sử dụng suốt cả ngày. Máy hỗ trợ sạc qua cổng USB-C, giúp việc sạc nhanh chóng và tiện lợi.\r\n\r\n**Tính năng khác:**\r\nMột số mẫu loa Oppo còn tích hợp micro để người dùng có thể nhận cuộc gọi khi đang sử dụng loa. Ngoài ra, Oppo Speaker có thể đi kèm với các tính năng điều khiển cảm ứng hoặc ứng dụng điều khiển từ xa qua smartphone, giúp tùy chỉnh âm lượng, chế độ âm thanh hoặc kết nối các loa cùng loại để tạo thành hệ thống âm thanh stereo.\r\n\r\n**Giá tham khảo:**\r\nOppo Speaker có giá dao động từ khoảng 1,500,000 VNĐ đến 3,000,000 VNĐ, tùy vào từng model và các tính năng hỗ trợ. Đây là một sản phẩm phù hợp cho những ai cần một chiếc loa di động với chất lượng âm thanh tốt, thiết kế đẹp và tính năng tiện dụng.', 1, '2024-11-24 09:28:08'),
(14, 'Oppo Pad', 3, 4, 499, 'oppo4.png', 'Oppo Pad là một mẫu máy tính bảng được Oppo ra mắt, đánh dấu bước đi của hãng vào thị trường tablet. Oppo Pad được thiết kế với mục tiêu cung cấp một thiết bị di động mạnh mẽ, phù hợp cho việc giải trí, học tập, làm việc và sáng tạo. Máy có một số tính năng nổi bật, từ thiết kế đẹp mắt đến hiệu suất mạnh mẽ, đáp ứng nhu cầu sử dụng của nhiều đối tượng người dùng.\r\n\r\n**Thiết kế và Màn hình:**\r\nOppo Pad có màn hình IPS LCD 11 inch với độ phân giải 2560 x 1600 pixel, mang lại hình ảnh sắc nét và sống động. Màn hình này hỗ trợ tần số quét 120Hz, giúp các thao tác mượt mà, đặc biệt khi lướt web, xem video hoặc chơi game. Màn hình của Oppo Pad cũng có dải màu rộng và độ sáng cao, giúp người dùng trải nghiệm hình ảnh tốt trong nhiều điều kiện ánh sáng.\r\n\r\nMáy có thiết kế hiện đại với các góc cạnh vuông vắn và vỏ kim loại, tạo cảm giác chắc chắn và cao cấp. Máy tính bảng này cũng mỏng nhẹ, dễ dàng mang theo khi di chuyển.\r\n\r\n**Hiệu năng:**\r\nOppo Pad được trang bị vi xử lý Qualcomm Snapdragon 870, kết hợp với bộ nhớ RAM từ 6GB đến 8GB và bộ lưu trữ trong 128GB hoặc 256GB, giúp máy hoạt động mượt mà và có thể xử lý tốt các tác vụ đa nhiệm, chơi game và các ứng dụng đồ họa nặng.\r\n\r\n**Camera:**\r\nOppo Pad có camera sau 13MP và camera trước 8MP, đủ để đáp ứng nhu cầu chụp ảnh cơ bản và video call. Camera sau hỗ trợ quay video 4K, giúp người dùng ghi lại những khoảnh khắc sắc nét.\r\n\r\n**Pin và Sạc:**\r\nMáy được trang bị viên pin 8360mAh, hỗ trợ sạc nhanh 33W, cho phép sạc đầy pin trong khoảng thời gian ngắn. Thời gian sử dụng của Oppo Pad có thể kéo dài khoảng 10 đến 12 giờ tùy vào mức độ sử dụng, giúp người dùng có thể sử dụng máy cả ngày mà không cần sạc lại.\r\n\r\n**Tính năng khác:**\r\nOppo Pad chạy trên hệ điều hành ColorOS for Pad, được tối ưu hóa cho các máy tính bảng, với giao diện trực quan và dễ sử dụng. Máy cũng hỗ trợ kết nối Wi-Fi 6 và Bluetooth 5.1, giúp kết nối nhanh chóng và ổn định. Oppo Pad có thể sử dụng các phụ kiện như bút stylus (Oppo Pencil) và bàn phím rời, giúp biến máy tính bảng thành một công cụ làm việc hiệu quả.\r\n\r\n**Giá tham khảo:**\r\nOppo Pad có giá bán dao động từ khoảng 7,000,000 VNĐ đến 12,000,000 VNĐ, tùy vào cấu hình và khu vực bán hàng. Đây là một lựa chọn hấp dẫn cho những ai tìm kiếm một chiếc máy tính bảng với hiệu năng mạnh mẽ, thiết kế đẹp và các tính năng tiện ích.', 1, '2024-11-24 10:06:19'),
(15, 'Oppo Watch Free', 3, 5, 199, 'oppo5.png', 'Oppo Watch Free là một chiếc đồng hồ thông minh giá phải chăng do Oppo phát triển, nhằm mang đến trải nghiệm theo dõi sức khỏe, thể thao và kết nối thông minh với các tính năng cơ bản nhưng đầy đủ. Oppo Watch Free được thiết kế để phù hợp với nhu cầu của người dùng muốn một chiếc smartwatch vừa vặn, nhẹ nhàng nhưng vẫn đáp ứng được các tính năng cần thiết trong cuộc sống hàng ngày.\r\n\r\n**Thiết kế:**\r\nOppo Watch Free có thiết kế hiện đại và tối giản với mặt đồng hồ hình chữ nhật, màn hình AMOLED 1.64 inch với độ phân giải 280 x 456 pixel. Màn hình này cho phép hiển thị màu sắc sắc nét và rõ ràng, dễ đọc dưới ánh sáng mạnh. Đồng hồ có vỏ nhựa nhẹ và dây đeo silicon mềm mại, dễ chịu khi đeo trong thời gian dài. Với thiết kế nhỏ gọn, Oppo Watch Free rất phù hợp cho cả nam và nữ, dễ dàng đeo trong mọi hoạt động.\r\n\r\n**Màn hình:**\r\nMàn hình AMOLED của Oppo Watch Free hỗ trợ nhiều mặt đồng hồ khác nhau, cho phép người dùng tùy chỉnh theo sở thích cá nhân. Màn hình này còn có độ sáng cao và khả năng hiển thị tốt ngay cả dưới ánh sáng ngoài trời, giúp người dùng dễ dàng xem các thông tin mà không gặp khó khăn.\r\n\r\n**Hiệu suất và tính năng:**\r\nOppo Watch Free cung cấp các tính năng cơ bản của một chiếc smartwatch, bao gồm theo dõi sức khỏe, theo dõi giấc ngủ, đo nhịp tim 24/7, theo dõi các chỉ số thể thao như đếm bước đi, calories tiêu thụ, và kiểm tra mức độ căng thẳng. Đồng hồ hỗ trợ hơn 100 chế độ thể thao, bao gồm chạy bộ, đạp xe, bơi lội và yoga, giúp người dùng theo dõi và cải thiện thể lực.\r\n\r\nOppo Watch Free cũng hỗ trợ nhận thông báo từ điện thoại thông qua kết nối Bluetooth, bao gồm thông báo tin nhắn, cuộc gọi và các ứng dụng khác. Tuy không hỗ trợ nghe gọi trực tiếp từ đồng hồ, nhưng người dùng có thể dễ dàng xem các thông báo mà không cần lấy điện thoại ra.\r\n\r\n**Pin và Sạc:**\r\nOppo Watch Free trang bị viên pin 230mAh, cho phép sử dụng lên đến 14 ngày với các tác vụ cơ bản như theo dõi sức khỏe và thông báo. Với việc sử dụng các tính năng thể thao và theo dõi nhịp tim liên tục, đồng hồ có thể hoạt động trong khoảng 7 ngày. Đồng hồ còn hỗ trợ sạc nhanh, chỉ mất khoảng 1 giờ để sạc đầy.\r\n\r\n**Tính năng khác:**\r\nOppo Watch Free còn hỗ trợ các tính năng thông minh khác như báo thức, đồng hồ bấm giờ, điều khiển nhạc từ xa, và tìm điện thoại. Đồng hồ này có khả năng chống nước chuẩn 5ATM, cho phép sử dụng khi đi bơi mà không lo hư hại.\r\n\r\n**Giá tham khảo:**\r\nOppo Watch Free có mức giá khá phải chăng, dao động từ khoảng 1,500,000 VNĐ đến 2,500,000 VNĐ, tùy theo từng chương trình khuyến mãi và nơi bán. Đây là một lựa chọn tuyệt vời cho những người muốn một chiếc đồng hồ thông minh với các tính năng cơ bản như theo dõi sức khỏe và thể thao, kết nối thông minh nhưng không muốn chi tiêu quá nhiều.', 0, '2024-11-24 10:24:44'),
(16, 'Mi 11', 4, 1, 599, 'xiaomi1.png', '**Xiaomi Mi 11** là một chiếc smartphone cao cấp của Xiaomi, nổi bật với hiệu năng mạnh mẽ, màn hình chất lượng cao và hệ thống camera ấn tượng. Đây là một trong những mẫu điện thoại đầu tiên trang bị chip **Snapdragon 888** và mang đến nhiều tính năng vượt trội, đặc biệt phù hợp với những người yêu thích công nghệ và giải trí đa phương tiện.\r\n\r\n### **Đặc điểm nổi bật của Xiaomi Mi 11**:\r\n\r\n1. **Màn hình AMOLED 120Hz**:\r\n   - **Màn hình 6.81 inch** với độ phân giải **WQHD+** (3200 x 1440), tỷ lệ khung hình 20:9, giúp hiển thị chi tiết sắc nét và màu sắc sống động. \r\n   - **Tần số quét 120Hz**: Mi 11 trang bị tần số quét 120Hz, mang lại trải nghiệm mượt mà khi cuộn trang và chơi game.\r\n   - **HDR10+**: Hỗ trợ chuẩn HDR10+, giúp tái tạo hình ảnh rõ ràng và rực rỡ, đặc biệt khi xem các nội dung hỗ trợ HDR.\r\n\r\n2. **Hiệu suất mạnh mẽ**:\r\n   - **Snapdragon 888**: Mi 11 sử dụng **Qualcomm Snapdragon 888**, một vi xử lý hàng đầu với hiệu suất xử lý nhanh chóng và mạnh mẽ, đặc biệt khi chơi game hoặc sử dụng các ứng dụng yêu cầu cao về tài nguyên.\r\n   - **RAM 8GB/12GB và bộ nhớ trong 128GB/256GB**: Cung cấp khả năng đa nhiệm mượt mà và lưu trữ dữ liệu lớn mà không gặp phải tình trạng giật lag.\r\n\r\n3. **Máy ảnh chất lượng cao**:\r\n   - **Hệ thống 3 camera sau**:\r\n     - **Camera chính 108MP** với khẩu độ f/1.9 và cảm biến lớn, cho phép chụp ảnh chi tiết và sắc nét ngay cả trong điều kiện ánh sáng yếu.\r\n     - **Camera góc rộng 13MP** với góc nhìn 123 độ, lý tưởng cho những bức ảnh phong cảnh rộng.\r\n     - **Camera macro 5MP** giúp chụp những bức ảnh cận cảnh chi tiết.\r\n   - **Chế độ quay video 8K**: Mi 11 hỗ trợ quay video 8K ở 30fps, mang lại chất lượng video vượt trội với độ phân giải cực kỳ cao.\r\n   - **AI Camera**: Tính năng nhận diện cảnh vật thông minh, tự động điều chỉnh các tham số camera để tối ưu chất lượng ảnh.\r\n\r\n4. **Âm thanh chất lượng cao**:\r\n   - **Loa stereo Harman Kardon**: Mi 11 được trang bị loa stereo với công nghệ Harman Kardon, mang đến âm thanh trong trẻo, mạnh mẽ và chi tiết.\r\n   - **Âm thanh Hi-Res Audio**: Hỗ trợ âm thanh Hi-Res Audio, mang đến trải nghiệm nghe nhạc sống động và chất lượng cao.\r\n\r\n5. **Pin và sạc nhanh**:\r\n   - **Pin 4600mAh**: Mi 11 có pin dung lượng 4600mAh, đủ để sử dụng suốt cả ngày với mức độ sử dụng trung bình.\r\n   - **Sạc nhanh 55W**: Máy hỗ trợ sạc nhanh 55W, giúp bạn sạc đầy pin chỉ trong khoảng 45 phút.\r\n   - **Sạc không dây 50W**: Mi 11 còn hỗ trợ sạc không dây 50W, giúp sạc nhanh chóng mà không cần kết nối cáp.\r\n\r\n6. **Thiết kế**:\r\n   - **Mặt lưng kính và khung nhôm**: Mi 11 có thiết kế sang trọng với mặt lưng kính và khung nhôm, mang lại cảm giác cao cấp và chắc chắn.\r\n   - **Độ mỏng và nhẹ**: Máy chỉ dày 8.06mm và trọng lượng 196g, giúp dễ dàng cầm nắm và sử dụng trong thời gian dài.\r\n\r\n7. **Tính năng khác**:\r\n   - **Cảm biến vân tay trong màn hình**: Mi 11 tích hợp cảm biến vân tay trong màn hình giúp mở khóa nhanh chóng và bảo mật.\r\n   - **MIUI 12.5**: Máy chạy trên hệ điều hành **MIUI 12.5** dựa trên Android 11, với giao diện trực quan và nhiều tính năng hữu ích.\r\n   - **5G**: Mi 11 hỗ trợ kết nối 5G, mang lại tốc độ internet nhanh chóng cho các hoạt động trực tuyến và streaming.\r\n\r\n### **Tổng kết**:\r\n**Xiaomi Mi 11** là một chiếc smartphone cao cấp với hiệu năng vượt trội, màn hình sắc nét, hệ thống camera mạnh mẽ và khả năng quay video 8K. Đây là một lựa chọn lý tưởng cho những ai yêu thích công nghệ và giải trí di động, đặc biệt là xem phim, chơi game và chụp ảnh chuyên nghiệp. Với các tính năng như sạc nhanh, loa Harman Kardon và thiết kế sang trọng, Mi 11 đáp ứng tốt nhu cầu của người dùng hiện đại.', 1, '2024-11-24 08:52:38'),
(17, 'Redmi Laptop', 4, 2, 899, 'xiaomi2.png', '**Xiaomi Redmi Laptop** là một dòng laptop giá rẻ của Xiaomi, được thiết kế để cung cấp hiệu suất tốt với mức giá phải chăng. Mặc dù không phải là dòng laptop cao cấp, Redmi Laptop vẫn mang lại trải nghiệm ổn định cho người dùng với những tính năng cơ bản, phù hợp cho công việc văn phòng, học tập, và giải trí nhẹ.\r\n\r\n### **Đặc điểm nổi bật của Xiaomi Redmi Laptop**:\r\n\r\n1. **Thiết kế**:\r\n   - **Vỏ kim loại**: Xiaomi Redmi Laptop có thiết kế vỏ kim loại, mang lại cảm giác chắc chắn và sang trọng. Với thiết kế mỏng nhẹ, laptop dễ dàng mang theo khi di chuyển.\r\n   - **Kích thước màn hình**: Laptop có kích thước màn hình từ 14 inch đến 15.6 inch, giúp người dùng có không gian làm việc rộng rãi nhưng vẫn giữ được tính di động.\r\n\r\n2. **Màn hình**:\r\n   - **Màn hình Full HD**: Xiaomi Redmi Laptop trang bị màn hình Full HD (1920 x 1080) với chất lượng hiển thị sắc nét và màu sắc trung thực. Màn hình có viền mỏng, mang lại trải nghiệm hình ảnh tốt cho cả công việc và giải trí.\r\n\r\n3. **Hiệu suất**:\r\n   - **Chipset Intel hoặc AMD**: Redmi Laptop được trang bị vi xử lý Intel Core i3/i5/i7 hoặc AMD Ryzen, cung cấp hiệu suất đủ mạnh mẽ để xử lý các tác vụ văn phòng, lướt web, và xem video HD.\r\n   - **RAM 8GB hoặc 16GB**: Laptop có tùy chọn RAM 8GB hoặc 16GB, giúp đa nhiệm mượt mà và mở nhiều ứng dụng cùng lúc mà không gặp tình trạng giật lag.\r\n\r\n4. **Lưu trữ**:\r\n   - **Ổ cứng SSD**: Redmi Laptop sử dụng ổ cứng SSD với dung lượng từ 256GB đến 512GB, giúp tăng tốc độ khởi động hệ điều hành và truy xuất dữ liệu nhanh chóng.\r\n\r\n5. **Thời gian pin**:\r\n   - **Pin lâu dài**: Với dung lượng pin từ 40Wh đến 50Wh, Redmi Laptop có thể sử dụng liên tục trong 6 đến 8 giờ, tùy thuộc vào mức độ sử dụng. Điều này giúp người dùng làm việc cả ngày mà không cần lo lắng về việc sạc pin.\r\n\r\n6. **Kết nối và cổng giao tiếp**:\r\n   - **Cổng USB 3.0 và USB-C**: Laptop có đầy đủ các cổng kết nối như USB 3.0, USB-C, HDMI, giúp kết nối với các thiết bị ngoại vi như chuột, bàn phím, màn hình ngoài, ổ cứng di động.\r\n   - **Kết nối Wi-Fi và Bluetooth**: Redmi Laptop hỗ trợ kết nối Wi-Fi 5 hoặc Wi-Fi 6, giúp đảm bảo kết nối Internet ổn định. Bluetooth 5.0 cũng được hỗ trợ để kết nối với các thiết bị không dây như tai nghe, chuột, bàn phím.\r\n\r\n7. **Bàn phím và cảm ứng**:\r\n   - **Bàn phím đầy đủ**: Xiaomi Redmi Laptop có bàn phím đầy đủ với các phím bấm chắc chắn và có khoảng cách hợp lý, tạo cảm giác gõ phím thoải mái.\r\n   - **Touchpad**: Touchpad lớn và nhạy, giúp thao tác dễ dàng và chính xác.\r\n\r\n8. **Hệ điều hành**:\r\n   - **Windows 10 hoặc Windows 11**: Redmi Laptop được cài đặt sẵn hệ điều hành Windows 10 hoặc Windows 11, mang đến một giao diện người dùng quen thuộc và dễ sử dụng.\r\n\r\n### **Tổng kết**:\r\n**Xiaomi Redmi Laptop** là lựa chọn tuyệt vời cho những ai tìm kiếm một chiếc laptop giá rẻ nhưng vẫn đáp ứng được nhu cầu công việc, học tập và giải trí cơ bản. Với thiết kế đẹp mắt, hiệu suất ổn định, màn hình sắc nét và thời lượng pin dài, đây là một sản phẩm phù hợp cho người dùng cần một thiết bị di động đáng tin cậy mà không muốn chi quá nhiều tiền.', 0, '2024-11-24 09:11:35'),
(18, 'Mi Soundbar', 4, 3, 149, 'xixaomi3.png', '**Mi Soundbar** là sản phẩm loa thanh (soundbar) của Xiaomi, được thiết kế để mang đến trải nghiệm âm thanh sống động, mạnh mẽ cho không gian giải trí tại gia. Với giá thành phải chăng và tính năng đa dạng, Mi Soundbar là lựa chọn hợp lý cho những ai muốn cải thiện chất lượng âm thanh khi xem phim, nghe nhạc hoặc chơi game.\r\n\r\n### **Đặc điểm nổi bật của Mi Soundbar**:\r\n\r\n1. **Thiết kế đơn giản, thanh lịch**:\r\n   - **Vỏ ngoài kim loại**: Mi Soundbar có vỏ ngoài bằng kim loại, giúp tăng độ bền và mang lại vẻ ngoài sang trọng, dễ dàng phù hợp với nhiều không gian nội thất.\r\n   - **Kích thước nhỏ gọn**: Loa thanh có kích thước nhỏ gọn, dễ dàng đặt dưới TV hoặc treo lên tường mà không chiếm nhiều không gian.\r\n\r\n2. **Chất lượng âm thanh mạnh mẽ**:\r\n   - **Công suất 30W**: Mi Soundbar có tổng công suất 30W, cung cấp âm thanh mạnh mẽ và rõ ràng, giúp nâng cao trải nghiệm nghe nhạc và xem phim.\r\n   - **Âm bass sâu và rõ ràng**: Loa thanh này được trang bị hệ thống loa con chất lượng cao, cho âm bass mạnh mẽ và âm treble rõ ràng, tạo nên một dải âm phong phú.\r\n   - **Chế độ âm thanh surround**: Mi Soundbar hỗ trợ chế độ âm thanh surround, giúp người nghe có cảm giác như đang thưởng thức âm thanh vòm trong rạp chiếu phim.\r\n\r\n3. **Kết nối dễ dàng**:\r\n   - **Kết nối Bluetooth 4.2**: Mi Soundbar hỗ trợ kết nối Bluetooth 4.2, giúp bạn dễ dàng kết nối với điện thoại, máy tính bảng, laptop hoặc các thiết bị khác mà không cần dây cáp.\r\n   - **Cổng HDMI ARC**: Mi Soundbar trang bị cổng HDMI ARC, giúp kết nối dễ dàng với TV để truyền tải âm thanh chất lượng cao.\r\n   - **Cổng AUX và Optical**: Loa còn hỗ trợ cổng AUX và cổng Optical, giúp kết nối với nhiều thiết bị khác nhau như TV, máy tính, hay đầu phát.\r\n\r\n4. **Điều khiển dễ dàng**:\r\n   - **Điều khiển từ xa**: Mi Soundbar đi kèm điều khiển từ xa, giúp người dùng dễ dàng điều chỉnh âm lượng, thay đổi chế độ âm thanh, và quản lý kết nối một cách thuận tiện.\r\n   - **Tích hợp nút bấm trên thân loa**: Ngoài điều khiển từ xa, người dùng cũng có thể điều chỉnh trực tiếp các chức năng cơ bản ngay trên thân loa.\r\n\r\n5. **Khả năng tương thích cao**:\r\n   - **Tương thích với nhiều thiết bị**: Mi Soundbar có thể dễ dàng kết nối và tương thích với hầu hết các TV, máy tính, đầu phát Blu-ray, và các thiết bị âm thanh khác.\r\n   - **Tương thích với các nền tảng âm thanh và video**: Loa có thể sử dụng với nhiều nền tảng như Netflix, YouTube, Spotify, giúp mang lại trải nghiệm giải trí toàn diện.\r\n\r\n6. **Lắp đặt dễ dàng**:\r\n   - **Treo tường hoặc đặt dưới TV**: Mi Soundbar có thể dễ dàng lắp đặt theo nhiều cách, giúp người dùng tiết kiệm không gian và tạo ra một hệ thống âm thanh gọn gàng, tiện dụng.\r\n\r\n### **Tổng kết**:\r\n**Mi Soundbar** là một sản phẩm loa thanh chất lượng, mang đến âm thanh mạnh mẽ và rõ ràng với công suất 30W, bass sâu và âm thanh vòm sống động. Với thiết kế đơn giản, sang trọng và khả năng kết nối linh hoạt qua Bluetooth, HDMI ARC, và cổng Optical, Mi Soundbar là một lựa chọn lý tưởng để nâng cao trải nghiệm âm thanh cho TV, máy tính và các thiết bị giải trí khác trong gia đình.', 1, '2024-11-24 09:28:39');
INSERT INTO `products` (`id`, `name`, `manu_id`, `type_id`, `price`, `image`, `description`, `feature`, `created_at`) VALUES
(19, 'Mi Pad 5', 4, 4, 349, 'xiaomi4.png', '**Xiaomi Mi Pad 5** là chiếc máy tính bảng của Xiaomi, được thiết kế để mang đến hiệu suất mạnh mẽ, màn hình đẹp và nhiều tính năng hữu ích cho người dùng trong các công việc học tập, giải trí, và sáng tạo nội dung. Với giá thành phải chăng, Mi Pad 5 là sự lựa chọn hấp dẫn trong phân khúc máy tính bảng tầm trung.\r\n\r\n### **Đặc điểm nổi bật của Xiaomi Mi Pad 5**:\r\n\r\n1. **Thiết kế mỏng nhẹ và sang trọng**:\r\n   - **Vỏ kim loại nguyên khối**: Mi Pad 5 sở hữu vỏ ngoài bằng kim loại nguyên khối, mang lại vẻ đẹp sang trọng và cảm giác cầm nắm chắc chắn.\r\n   - **Màn hình viền mỏng**: Màn hình của Mi Pad 5 được thiết kế với viền mỏng, tối ưu không gian hiển thị và mang đến trải nghiệm hình ảnh sinh động, rộng rãi.\r\n   - **Trọng lượng nhẹ**: Với trọng lượng khoảng 511g, Mi Pad 5 rất dễ dàng mang theo khi di chuyển.\r\n\r\n2. **Màn hình sắc nét và mượt mà**:\r\n   - **Màn hình 11 inch, độ phân giải 2.5K (2560 x 1600)**: Mi Pad 5 được trang bị màn hình LCD IPS với độ phân giải cao, cho hình ảnh sắc nét, màu sắc sống động và chi tiết tuyệt vời.\r\n   - **Tần số quét 120Hz**: Màn hình có tần số quét lên đến 120Hz, mang lại trải nghiệm mượt mà khi lướt web, xem phim hay chơi game.\r\n   - **Hỗ trợ HDR10**: Màn hình của Mi Pad 5 hỗ trợ HDR10, giúp tái tạo màu sắc chính xác và rõ nét khi xem các nội dung hỗ trợ HDR.\r\n\r\n3. **Hiệu suất mạnh mẽ**:\r\n   - **Chipset Qualcomm Snapdragon 860**: Mi Pad 5 sử dụng vi xử lý Qualcomm Snapdragon 860, giúp máy xử lý các tác vụ mượt mà, từ công việc văn phòng đến các trò chơi yêu cầu đồ họa cao.\r\n   - **RAM 6GB**: Với bộ nhớ RAM 6GB, Mi Pad 5 có thể chạy đa nhiệm mượt mà, giúp người dùng dễ dàng chuyển đổi giữa các ứng dụng mà không gặp phải tình trạng giật lag.\r\n\r\n4. **Hệ điều hành MIUI for Pad**:\r\n   - **MIUI for Pad**: Mi Pad 5 chạy trên hệ điều hành MIUI for Pad, phiên bản tối ưu hóa dành riêng cho máy tính bảng. Hệ điều hành này mang đến giao diện thân thiện và nhiều tính năng tiện ích, bao gồm chế độ chia đôi màn hình, hỗ trợ các ứng dụng máy tính bảng tốt hơn.\r\n   - **Android 11**: Mi Pad 5 chạy trên Android 11, mang lại khả năng tương thích với nhiều ứng dụng phổ biến và các tính năng mới nhất của Google.\r\n\r\n5. **Bộ đôi camera**:\r\n   - **Camera chính 13MP**: Mi Pad 5 trang bị camera chính 13MP với khả năng chụp ảnh sắc nét, màu sắc trung thực, đáp ứng nhu cầu chụp ảnh cơ bản.\r\n   - **Camera phụ 8MP**: Camera trước 8MP hỗ trợ cuộc gọi video và selfie với chất lượng hình ảnh rõ ràng.\r\n\r\n6. **Pin dung lượng lớn**:\r\n   - **Pin 8720mAh**: Mi Pad 5 được trang bị pin dung lượng lớn, cho phép sử dụng liên tục trong suốt một ngày dài. Bạn có thể sử dụng máy để học tập, làm việc, xem phim hoặc chơi game mà không lo hết pin nhanh chóng.\r\n   - **Sạc nhanh 33W**: Mi Pad 5 hỗ trợ sạc nhanh 33W, giúp sạc đầy pin trong thời gian ngắn, tiết kiệm thời gian chờ đợi.\r\n\r\n7. **Âm thanh vòm sống động**:\r\n   - **Hệ thống loa 4 kênh**: Mi Pad 5 được trang bị hệ thống loa stereo 4 kênh, mang lại chất lượng âm thanh vòm sống động và rõ ràng. Đây là điểm mạnh của máy, giúp trải nghiệm giải trí (xem phim, nghe nhạc) trở nên thú vị hơn.\r\n\r\n8. **Tính năng bổ sung**:\r\n   - **Hỗ trợ bút stylus**: Mi Pad 5 hỗ trợ sử dụng bút stylus (Xiaomi Smart Pen) giúp người dùng vẽ, ghi chú, và sáng tạo nội dung dễ dàng hơn.\r\n   - **Kết nối 4G LTE**: Phiên bản hỗ trợ kết nối 4G LTE giúp người dùng có thể sử dụng internet di động khi không có Wi-Fi.\r\n\r\n### **Tổng kết**:\r\n**Xiaomi Mi Pad 5** là một chiếc máy tính bảng mạnh mẽ với thiết kế sang trọng, màn hình sắc nét và hiệu suất tuyệt vời. Được trang bị chip Snapdragon 860 và RAM 6GB, máy có thể xử lý mượt mà hầu hết các tác vụ từ làm việc đến giải trí. Với thời lượng pin ấn tượng, sạc nhanh, và âm thanh sống động, Mi Pad 5 là sự lựa chọn hoàn hảo cho người dùng cần một máy tính bảng đa năng và có giá thành hợp lý.', 1, '2024-11-24 10:06:46'),
(20, 'Mi Watch', 4, 5, 179, 'xiaomi5.png', '**Xiaomi Mi Watch** là một chiếc đồng hồ thông minh đến từ Xiaomi, với thiết kế hiện đại và nhiều tính năng thông minh, giúp người dùng theo dõi sức khỏe, tập luyện thể thao, và quản lý thông báo ngay trên cổ tay. Với mức giá phải chăng và tính năng đa dạng, Xiaomi Mi Watch là một lựa chọn hấp dẫn trong phân khúc đồng hồ thông minh.\r\n\r\n### **Đặc điểm nổi bật của Xiaomi Mi Watch**:\r\n\r\n1. **Thiết kế sang trọng và thoải mái**:\r\n   - **Màn hình AMOLED 1.39 inch**: Xiaomi Mi Watch được trang bị màn hình AMOLED 1.39 inch với độ phân giải cao, mang đến hình ảnh sắc nét và màu sắc sống động. Màn hình lớn giúp bạn dễ dàng theo dõi các thông tin trên đồng hồ.\r\n   - **Dây đeo thoải mái**: Dây đeo của Mi Watch được làm từ silicone mềm mại, dễ chịu khi đeo lâu dài và có thể điều chỉnh vừa vặn với nhiều kích cỡ cổ tay.\r\n\r\n2. **Tính năng theo dõi sức khỏe**:\r\n   - **Theo dõi nhịp tim 24/7**: Mi Watch có cảm biến nhịp tim để theo dõi nhịp tim của bạn suốt cả ngày, giúp bạn kiểm soát sức khỏe tim mạch.\r\n   - **Theo dõi giấc ngủ**: Đồng hồ có khả năng theo dõi giấc ngủ và phân tích các giai đoạn ngủ của người dùng, giúp cải thiện chất lượng giấc ngủ.\r\n   - **Theo dõi mức độ oxy trong máu (SpO2)**: Mi Watch có thể đo mức độ oxy trong máu, giúp người dùng kiểm tra tình trạng sức khỏe hô hấp và tuần hoàn.\r\n   - **Cảm biến chuyển động**: Mi Watch có khả năng theo dõi các hoạt động thể thao như chạy, đạp xe, bơi lội, và nhiều bài tập khác.\r\n\r\n3. **Hiệu suất và hệ điều hành**:\r\n   - **Chipset mạnh mẽ**: Xiaomi Mi Watch sử dụng chipset hiệu suất cao giúp chạy mượt mà các ứng dụng và tính năng của đồng hồ.\r\n   - **MIUI for Watch**: Mi Watch chạy hệ điều hành MIUI for Watch, được tối ưu hóa cho đồng hồ thông minh với giao diện trực quan và dễ sử dụng.\r\n\r\n4. **Thông báo và kết nối**:\r\n   - **Thông báo thông minh**: Mi Watch cho phép nhận thông báo từ các ứng dụng như tin nhắn, cuộc gọi, email, và các ứng dụng mạng xã hội trực tiếp trên đồng hồ.\r\n   - **Bluetooth 5.0**: Mi Watch hỗ trợ kết nối Bluetooth 5.0, giúp đồng hồ kết nối ổn định với điện thoại và các thiết bị khác trong phạm vi kết nối.\r\n   - **Hỗ trợ trợ lý ảo**: Mi Watch có thể tích hợp với các trợ lý ảo như Google Assistant để thực hiện các tác vụ thông qua lệnh giọng nói.\r\n\r\n5. **Thời gian sử dụng và pin**:\r\n   - **Pin 420mAh**: Xiaomi Mi Watch trang bị pin dung lượng 420mAh, cho phép sử dụng liên tục lên đến 9 ngày với một lần sạc, tùy thuộc vào mức độ sử dụng.\r\n   - **Sạc nhanh**: Đồng hồ hỗ trợ sạc nhanh, giúp người dùng tiết kiệm thời gian sạc và sử dụng đồng hồ lâu dài hơn.\r\n\r\n6. **Khả năng chống nước**:\r\n   - **Chống nước 5ATM**: Mi Watch có khả năng chống nước ở độ sâu lên đến 50m (5ATM), cho phép người dùng đeo đồng hồ khi bơi hoặc tham gia các hoạt động thể thao dưới nước mà không lo hư hỏng.\r\n\r\n7. **Khả năng tùy chỉnh và giao diện**:\r\n   - **Mặt đồng hồ tùy chỉnh**: Xiaomi Mi Watch cho phép người dùng tùy chỉnh mặt đồng hồ với nhiều kiểu dáng và giao diện khác nhau, giúp tạo phong cách riêng biệt.\r\n   - **Ứng dụng hỗ trợ**: Mi Watch có thể kết nối với ứng dụng Mi Fit hoặc Xiaomi Wear trên điện thoại để quản lý và đồng bộ dữ liệu sức khỏe, thể thao và các thiết lập khác.\r\n\r\n### **Tổng kết**:\r\n**Xiaomi Mi Watch** là một chiếc đồng hồ thông minh đa năng với thiết kế đẹp, màn hình sắc nét và nhiều tính năng hữu ích như theo dõi sức khỏe, thể thao, giấc ngủ, và kết nối thông minh. Với khả năng chống nước, thời lượng pin dài, và giá thành hợp lý, Mi Watch là sự lựa chọn tuyệt vời cho những ai muốn có một thiết bị đeo tay thông minh để cải thiện sức khỏe và tiện ích trong cuộc sống hàng ngày.', 0, '2024-11-24 10:25:21'),
(21, 'Xperia 5 II', 5, 1, 799, 'sony1.png', '**Sony Xperia 5 II** là một smartphone cao cấp của Sony, được thiết kế để cung cấp hiệu suất mạnh mẽ, khả năng chụp ảnh chuyên nghiệp và trải nghiệm giải trí ấn tượng. Đây là một phiên bản thu nhỏ của Xperia 1 II, nhưng vẫn giữ được nhiều tính năng cao cấp và đặc biệt thích hợp cho những ai yêu thích giải trí di động, đặc biệt là về video và âm nhạc.\r\n\r\n### **Đặc điểm nổi bật của Sony Xperia 5 II**:\r\n\r\n1. **Màn hình 120Hz OLED**:\r\n   - **Màn hình 6.1 inch Full HD+ OLED**: Xperia 5 II sở hữu màn hình OLED với độ phân giải Full HD+ và tỷ lệ khung hình 21:9, cho phép hiển thị hình ảnh sắc nét và chất lượng màu sắc tuyệt vời. Màn hình hỗ trợ tần số quét **120Hz**, mang lại trải nghiệm mượt mà khi vuốt và cuộn trang.\r\n   - **HDR và DCI-P3**: Máy hỗ trợ chuẩn màu DCI-P3 và HDR, giúp tái tạo màu sắc chính xác và chân thực, đặc biệt khi xem nội dung hỗ trợ HDR.\r\n\r\n2. **Hiệu suất mạnh mẽ**:\r\n   - **Chip Snapdragon 865**: Xperia 5 II được trang bị vi xử lý **Qualcomm Snapdragon 865**, kết hợp với **RAM 8GB** và **bộ nhớ trong 128GB hoặc 256GB**, mang lại hiệu suất nhanh chóng và mượt mà trong các tác vụ đa nhiệm, chơi game và xử lý video.\r\n   - **5G**: Hỗ trợ kết nối 5G, giúp người dùng tận dụng tốc độ tải xuống và phát trực tuyến nhanh chóng.\r\n\r\n3. **Máy ảnh chuyên nghiệp**:\r\n   - **Ba camera phía sau**: Xperia 5 II có hệ thống ba camera phía sau gồm:\r\n     - **Camera chính 12MP** với khẩu độ f/1.7 và cảm biến lớn.\r\n     - **Camera telephoto 12MP** với khả năng zoom quang học 3x và khẩu độ f/2.4.\r\n     - **Camera góc rộng 12MP** với khẩu độ f/2.2.\r\n   - **Chế độ chụp ảnh và quay video chuyên nghiệp**: Máy hỗ trợ tính năng **Real-time Eye Autofocus** cho cả người và động vật, giúp lấy nét chính xác vào mắt đối tượng. Ngoài ra, Xperia 5 II còn hỗ trợ quay video 4K 120fps, cho phép quay video siêu chậm mượt mà và chất lượng cao.\r\n   \r\n4. **Âm thanh chất lượng cao**:\r\n   - **Loa stereo và hỗ trợ âm thanh Hi-Res Audio**: Xperia 5 II có loa stereo, hỗ trợ âm thanh Hi-Res Audio, giúp trải nghiệm nghe nhạc và xem video được cải thiện đáng kể với chất lượng âm thanh sắc nét và chi tiết.\r\n   - **3.5mm headphone jack**: Máy vẫn giữ lại jack tai nghe 3.5mm, cho phép người dùng nghe nhạc qua tai nghe có dây.\r\n\r\n5. **Pin và sạc nhanh**:\r\n   - **Pin 4000mAh**: Xperia 5 II được trang bị pin 4000mAh, đủ để sử dụng cả ngày với mức độ sử dụng trung bình.\r\n   - **Sạc nhanh 21W**: Máy hỗ trợ sạc nhanh 21W, giúp bạn sạc nhanh chóng và tiết kiệm thời gian.\r\n\r\n6. **Thiết kế và tính năng khác**:\r\n   - **Khả năng chống nước và bụi (IP68)**: Xperia 5 II có chứng nhận **IP68**, bảo vệ thiết bị khỏi bụi và nước, giúp bạn sử dụng thoải mái ngay cả trong môi trường khắc nghiệt.\r\n   - **Cảm biến vân tay bên hông**: Xperia 5 II tích hợp cảm biến vân tay ở cạnh bên, giúp mở khóa nhanh chóng và bảo mật.\r\n   - **Android 10**: Máy chạy hệ điều hành Android 10 với giao diện gần như gốc, giúp mang đến trải nghiệm mượt mà và dễ sử dụng.\r\n\r\n### **Tổng kết**:\r\n**Sony Xperia 5 II** là một chiếc smartphone mạnh mẽ với màn hình OLED tuyệt đẹp, hiệu suất xuất sắc, hệ thống camera chuyên nghiệp và chất lượng âm thanh tuyệt vời. Máy rất phù hợp cho những ai yêu thích giải trí di động, đặc biệt là xem phim, chơi game, và chụp ảnh/video chất lượng cao. Với các tính năng chống nước, sạc nhanh và hiệu suất mạnh mẽ, Xperia 5 II là lựa chọn lý tưởng cho những người yêu thích công nghệ cao cấp.', 1, '2024-11-24 08:53:00'),
(22, 'Sony Vaio', 5, 2, 1199, 'sony2.png', '**Sony Vaio** là dòng laptop cao cấp của Sony, nổi bật với thiết kế sang trọng, chất liệu cao cấp và hiệu suất mạnh mẽ. Các máy tính Vaio thường có màn hình sắc nét, từ Full HD đến 4K, với công nghệ hiển thị **Triluminos**. Chúng được trang bị vi xử lý mạnh mẽ, RAM từ 8GB đến 32GB, và card đồ họa rời giúp xử lý các tác vụ đồ họa và game mượt mà.\r\n\r\nSony Vaio có nhiều dòng như **Z Series** (cao cấp, mỏng nhẹ), **S Series** (tầm trung, hiệu suất ổn định), và **E Series** (giá rẻ, phục vụ nhu cầu văn phòng). Các tính năng đáng chú ý gồm kết nối đa dạng (USB, HDMI, Wi-Fi, Bluetooth), cảm biến vân tay và camera HD. Dòng máy này cung cấp thời gian sử dụng pin lâu dài và âm thanh chất lượng cao từ công nghệ **Sony**.\r\n\r\nMặc dù Sony không còn sản xuất Vaio trực tiếp, dòng sản phẩm này vẫn được sản xuất dưới tên khác và duy trì sự yêu thích nhờ vào hiệu suất và thiết kế.', 0, '2024-11-24 09:11:58'),
(23, 'Sony XB33', 5, 3, 199, 'sony3.png', '**Sony XB33** là một chiếc loa Bluetooth di động thuộc dòng **Extra Bass** của Sony, được thiết kế để cung cấp âm thanh mạnh mẽ với bass sâu và rõ ràng. Đây là một sản phẩm lý tưởng cho những ai yêu thích nghe nhạc mạnh mẽ, sôi động, đặc biệt là trong các hoạt động ngoài trời hoặc khi di chuyển.\r\n\r\n### **Đặc điểm nổi bật của Sony XB33 Speaker**:\r\n\r\n1. **Âm thanh mạnh mẽ**:\r\n   - **Extra Bass**: Loa sử dụng công nghệ **Extra Bass** của Sony, mang lại âm bass sâu và mạnh mẽ, phù hợp cho các thể loại nhạc như EDM, hip hop, hoặc rock.\r\n   - **Công suất âm thanh lớn**: Với loa toàn dải và bộ tản âm thụ động, Sony XB33 có thể tạo ra âm thanh rõ ràng và mạnh mẽ dù ở âm lượng cao.\r\n\r\n2. **Thiết kế chắc chắn**:\r\n   - **Khả năng chống nước và bụi (IP67)**: Loa có khả năng chống thấm nước và bụi, có thể sử dụng trong môi trường ngoài trời, dưới mưa hoặc ngay cả khi bị ngâm trong nước với độ sâu 1m trong tối đa 30 phút.\r\n   - **Chất liệu bền bỉ**: Sony XB33 có vỏ ngoài chắc chắn, được thiết kế để chịu được va đập và bảo vệ loa khỏi các tác động mạnh.\r\n\r\n3. **Kết nối Bluetooth và NFC**:\r\n   - **Kết nối Bluetooth**: Loa hỗ trợ kết nối không dây Bluetooth, cho phép người dùng dễ dàng kết nối với điện thoại, máy tính bảng, hoặc máy tính mà không cần dây cáp.\r\n   - **NFC**: Hỗ trợ tính năng **NFC** giúp kết nối nhanh chóng và dễ dàng chỉ bằng cách chạm thiết bị có NFC vào loa.\r\n\r\n4. **Thời gian sử dụng pin**:\r\n   - **Pin 24 giờ**: Loa có thể phát nhạc liên tục trong khoảng 24 giờ sau mỗi lần sạc, giúp bạn tận hưởng âm nhạc suốt cả ngày mà không phải lo lắng về việc hết pin.\r\n\r\n5. **Chế độ Party Connect**:\r\n   - **Party Connect**: Loa hỗ trợ tính năng **Party Connect**, cho phép kết nối tối đa 100 loa Sony tương thích để tạo ra âm thanh vòm cực kỳ lớn và sống động trong các buổi tiệc.\r\n\r\n6. **Âm thanh 360 độ**:\r\n   - **Loa phát âm thanh 360 độ** giúp trải nghiệm âm nhạc phủ rộng và đồng đều trong không gian, mang lại âm thanh mạnh mẽ ở mọi góc độ.\r\n\r\n7. **Ứng dụng Sony | Music Center**:\r\n   - **Điều khiển qua ứng dụng**: Người dùng có thể điều khiển loa và điều chỉnh âm thanh qua ứng dụng **Sony | Music Center** trên điện thoại thông minh, tùy chỉnh chế độ âm thanh và các tính năng khác.\r\n\r\n### **Tổng kết**:\r\n**Sony XB33** là một loa Bluetooth cực kỳ phù hợp cho những ai yêu thích âm thanh mạnh mẽ, bền bỉ và có tính di động cao. Với khả năng chống nước, thời gian sử dụng pin lâu, và tính năng kết nối nhanh chóng, đây là sự lựa chọn lý tưởng cho những buổi tiệc ngoài trời hoặc những ai yêu thích âm nhạc sôi động.', 1, '2024-11-24 09:29:07'),
(24, 'Sony Tablet', 5, 4, 499, 'sony4.png', '**Sony Tablet** là dòng máy tính bảng do Sony sản xuất, được biết đến với thiết kế tinh tế, chất lượng màn hình sắc nét, và tích hợp các công nghệ tiên tiến. Các mẫu Sony Tablet chủ yếu chạy hệ điều hành Android và cung cấp các tính năng giải trí, làm việc và chơi game hiệu quả. Dưới đây là những đặc điểm nổi bật của dòng sản phẩm này:\r\n\r\n### **Đặc điểm nổi bật của Sony Tablet**:\r\n\r\n1. **Thiết kế và Màn hình**:\r\n   - **Màn hình sắc nét**: Sony Tablet thường trang bị màn hình LCD hoặc IPS với độ phân giải cao, mang lại hình ảnh rõ ràng và sống động. Các mẫu máy tính bảng của Sony có màn hình rộng, lý tưởng cho việc xem video, chơi game hoặc lướt web.\r\n   - **Thiết kế mỏng nhẹ**: Các máy tính bảng của Sony được thiết kế tinh tế, mỏng nhẹ và dễ dàng di chuyển. Vỏ ngoài thường được làm từ chất liệu nhựa cao cấp hoặc kim loại, mang lại vẻ ngoài sang trọng và bền bỉ.\r\n   - **Chống nước**: Nhiều model Sony Tablet có khả năng chống nước đạt tiêu chuẩn **IP68**, giúp bảo vệ thiết bị khỏi bụi và nước. Điều này rất thuận tiện khi sử dụng máy tính bảng trong các môi trường ẩm ướt hoặc khi đi du lịch.\r\n\r\n2. **Hiệu suất và phần cứng**:\r\n   - **Vi xử lý mạnh mẽ**: Các Sony Tablet thường được trang bị vi xử lý mạnh mẽ của Qualcomm, giúp các tác vụ như duyệt web, xem video hoặc chơi game nhẹ mượt mà.\r\n   - **RAM và bộ nhớ**: Các model của Sony có bộ nhớ RAM từ 2GB đến 4GB và bộ nhớ trong từ 16GB đến 64GB, cho phép lưu trữ nhiều dữ liệu và ứng dụng. Nhiều mẫu còn hỗ trợ thẻ microSD để mở rộng bộ nhớ.\r\n   - **Pin lâu dài**: Sony Tablet có thời gian sử dụng pin ấn tượng, giúp người dùng sử dụng thiết bị liên tục trong vài giờ liền mà không lo bị gián đoạn.\r\n\r\n3. **Tính năng và phần mềm**:\r\n   - **Android OS**: Sony Tablet sử dụng hệ điều hành Android, cho phép người dùng dễ dàng tải và cài đặt các ứng dụng từ Google Play Store. Các tính năng như Google Assistant, Google Drive và các công cụ văn phòng giúp nâng cao hiệu quả công việc.\r\n   - **Xperia UI**: Sony thường tích hợp giao diện người dùng **Xperia UI** trên các tablet của mình, mang đến trải nghiệm mượt mà và dễ dàng thao tác. Giao diện này có một số tính năng tùy chỉnh, giúp người dùng tối ưu hóa trải nghiệm.\r\n   - **Ứng dụng giải trí**: Với đặc trưng là thiết bị giải trí, Sony Tablet hỗ trợ các ứng dụng như **Sony Entertainment Network**, giúp người dùng truy cập vào âm nhạc, video và trò chơi ngay trên thiết bị.\r\n\r\n4. **Kết nối và tính năng thông minh**:\r\n   - **Kết nối 4G/LTE**: Một số model của Sony Tablet hỗ trợ kết nối 4G, giúp người dùng duy trì kết nối internet di động khi không có Wi-Fi.\r\n   - **Bluetooth và Wi-Fi**: Các model cũng hỗ trợ kết nối Bluetooth và Wi-Fi để kết nối với các thiết bị ngoại vi hoặc truy cập internet một cách nhanh chóng.\r\n   - **Camera**: Sony Tablet được trang bị camera trước và sau với độ phân giải từ 5MP đến 8MP, giúp người dùng chụp ảnh, quay video và tham gia các cuộc gọi video dễ dàng.\r\n\r\n5. **Tính năng giải trí cao cấp**:\r\n   - **Hiệu suất âm thanh**: Sony tích hợp công nghệ âm thanh tiên tiến như **S-Force Front Surround** và **ClearAudio+**, mang đến chất lượng âm thanh tuyệt vời khi xem phim, nghe nhạc hoặc chơi game.\r\n   - **Tính năng chơi game**: Các model Sony Tablet thường được tối ưu hóa cho việc chơi game, với khả năng xử lý đồ họa mạnh mẽ và màn hình chất lượng cao.\r\n\r\n### **Các dòng sản phẩm Sony Tablet nổi bật**:\r\n\r\n1. **Sony Tablet S**:\r\n   - Ra mắt vào năm 2011, Sony Tablet S có thiết kế đặc biệt với một cạnh nghiêng, giúp tạo sự khác biệt với các tablet khác trên thị trường. Máy sử dụng màn hình 9.4 inch với độ phân giải HD và hỗ trợ kết nối Wi-Fi, cùng với hệ điều hành Android 3.1 Honeycomb.\r\n   \r\n2. **Sony Xperia Tablet S**:\r\n   - Được phát hành vào năm 2012, Xperia Tablet S là phiên bản nâng cấp của Sony Tablet S với thiết kế mỏng hơn, hỗ trợ kết nối Wi-Fi và 3G. Máy có khả năng chống nước và bụi, cùng với màn hình 9.4 inch sắc nét và hỗ trợ ứng dụng giải trí của Sony.\r\n\r\n3. **Sony Xperia Z Tablet**:\r\n   - Sony Xperia Z Tablet là một trong những tablet nổi bật nhất của Sony với màn hình 10.1 inch, độ phân giải 1920x1200, và tích hợp công nghệ chống nước. Máy có vi xử lý Qualcomm Snapdragon S4 Pro và RAM 2GB, mang đến hiệu suất mạnh mẽ và thời gian sử dụng pin ấn tượng.\r\n\r\n4. **Sony Xperia Z4 Tablet**:\r\n   - Ra mắt vào năm 2015, Xperia Z4 Tablet là một trong những máy tính bảng mỏng nhất và nhẹ nhất của Sony. Máy sở hữu màn hình 10.1 inch, độ phân giải 2K, vi xử lý Qualcomm Snapdragon 810 và bộ nhớ RAM 3GB, mang đến trải nghiệm giải trí và làm việc mượt mà.\r\n\r\n5. **Sony Xperia Tablet Compact**:\r\n   - Đây là một phiên bản nhỏ gọn của Xperia Tablet, với màn hình 8 inch và độ phân giải Full HD. Nó cung cấp khả năng chống nước và bụi, cùng với các tính năng giải trí tuyệt vời.\r\n\r\n### **Tổng kết**:\r\nSony Tablet là lựa chọn tuyệt vời cho những ai muốn có một thiết bị giải trí mạnh mẽ, dễ dàng di động và có khả năng chống nước. Dù không còn được sản xuất nhiều trong những năm gần đây, các dòng sản phẩm Xperia Tablet vẫn mang đến hiệu suất và trải nghiệm sử dụng tốt, đặc biệt là cho những ai yêu thích giải trí đa phương tiện và có nhu cầu sử dụng thiết bị chống nước.', 1, '2024-11-24 10:07:06'),
(25, 'Sony Smartwatch', 5, 5, 249, 'sony5.png', '**Sony Smartwatch** là một dòng đồng hồ thông minh của Sony, được thiết kế để kết nối với smartphone và mang lại trải nghiệm sử dụng tiện ích, tích hợp nhiều tính năng như thông báo, theo dõi sức khỏe, điều khiển âm nhạc, và các tính năng giải trí khác trực tiếp trên cổ tay. Các mẫu Sony Smartwatch được biết đến với thiết kế tinh tế, chất liệu cao cấp và khả năng tương thích tốt với các thiết bị Android.\r\n\r\n### **Đặc điểm nổi bật của Sony Smartwatch**:\r\n\r\n1. **Thiết kế và Màn hình**:\r\n   - **Màn hình cảm ứng**: Sony Smartwatch thường trang bị màn hình cảm ứng OLED hoặc LCD, cho phép hiển thị thông tin sắc nét, rõ ràng. Màn hình của các dòng smartwatch này được bảo vệ bởi lớp kính cường lực để chống trầy xước.\r\n   - **Thiết kế mỏng nhẹ**: Thiết kế của Sony Smartwatch thường mỏng nhẹ và thanh thoát, mang lại cảm giác thoải mái khi đeo, có thể sử dụng lâu mà không gây khó chịu.\r\n   - **Chống nước**: Các model smartwatch của Sony đều có khả năng chống nước, đạt tiêu chuẩn **IP68**, giúp người dùng có thể sử dụng đồng hồ trong môi trường ẩm ướt, khi tập luyện thể thao hoặc dưới mưa mà không lo hư hỏng.\r\n\r\n2. **Kết nối và Tính năng thông minh**:\r\n   - **Thông báo thông minh**: Sony Smartwatch có thể kết nối với điện thoại thông qua Bluetooth và nhận thông báo từ các ứng dụng như tin nhắn, cuộc gọi, email, hoặc thông báo từ các mạng xã hội.\r\n   - **Ứng dụng Android**: Đồng hồ có thể sử dụng các ứng dụng Android được tối ưu hóa cho smartwatch, giúp người dùng dễ dàng truy cập và điều khiển các chức năng ngay trên đồng hồ.\r\n   - **Điều khiển từ xa**: Sony Smartwatch cho phép người dùng điều khiển nhạc, xem ảnh, hoặc thậm chí chụp ảnh tự sướng từ xa mà không cần phải sử dụng điện thoại.\r\n\r\n3. **Theo dõi sức khỏe và thể thao**:\r\n   - **Đo nhịp tim**: Các model cao cấp của Sony Smartwatch như Sony Smartwatch 3 hỗ trợ đo nhịp tim, giúp người dùng theo dõi tình trạng sức khỏe trong suốt quá trình tập luyện.\r\n   - **Theo dõi hoạt động thể thao**: Đồng hồ có thể đo số bước đi, lượng calo tiêu thụ và theo dõi các hoạt động thể dục khác, giúp người dùng duy trì lối sống lành mạnh.\r\n   - **GPS và độ chính xác cao**: Một số model hỗ trợ tính năng GPS để theo dõi quãng đường, tốc độ và độ cao trong khi chạy, đạp xe hoặc tham gia các hoạt động ngoài trời.\r\n\r\n4. **Tích hợp Google Wear OS**:\r\n   - Một số dòng Sony Smartwatch sử dụng hệ điều hành **Google Wear OS**, cung cấp giao diện người dùng thân thiện và tích hợp dễ dàng với các ứng dụng Android, cho phép tải thêm nhiều ứng dụng từ Google Play Store.\r\n   - Hệ điều hành này cũng giúp đồng hồ đồng bộ hóa với Google Assistant, cho phép người dùng thực hiện các lệnh giọng nói, nhận thông báo và kiểm soát các thiết bị nhà thông minh.\r\n\r\n5. **Thời gian sử dụng pin**:\r\n   - Sony Smartwatch thường có thời gian sử dụng pin ấn tượng, dao động từ 1 đến 2 ngày tùy vào mức độ sử dụng. Một số dòng có tính năng tiết kiệm năng lượng để kéo dài thời gian sử dụng.\r\n\r\n### **Các dòng sản phẩm nổi bật**:\r\n1. **Sony Smartwatch 1 (SWR10)**:\r\n   - Đây là mẫu smartwatch đầu tiên của Sony, có màn hình OLED 1.3 inch, thiết kế nhỏ gọn và nhẹ. Đồng hồ hỗ trợ tính năng thông báo từ điện thoại và có khả năng chống nước.\r\n   \r\n2. **Sony Smartwatch 2 (SWR12)**:\r\n   - Model này được cải tiến với màn hình lớn hơn (1.6 inch), khả năng chống nước đạt chuẩn IP67, và hỗ trợ kết nối với cả Android và một số thiết bị khác qua Bluetooth. Sony Smartwatch 2 còn tích hợp tính năng điều khiển từ xa máy ảnh và nhạc.\r\n   \r\n3. **Sony Smartwatch 3 (SWR50)**:\r\n   - Đây là model cao cấp nhất trong dòng sản phẩm Sony Smartwatch trước khi hãng ngừng sản xuất. Nó sử dụng hệ điều hành **Android Wear** (sau này là Wear OS), có màn hình 1.6 inch, GPS tích hợp và cảm biến nhịp tim. Smartwatch 3 còn hỗ trợ nhiều ứng dụng thể thao, giúp người dùng theo dõi các chỉ số sức khỏe và hoạt động thể thao một cách chi tiết.\r\n\r\n### **Tổng kết**:\r\nSony Smartwatch là một trong những lựa chọn tốt cho những người tìm kiếm một chiếc đồng hồ thông minh có thể kết nối với điện thoại Android, theo dõi sức khỏe và thể thao, cũng như cung cấp các tính năng thông minh như thông báo, điều khiển nhạc và ứng dụng. Dù không còn sản xuất mới, dòng Sony Smartwatch vẫn có một số model hấp dẫn, đặc biệt là Sony Smartwatch 3, là lựa chọn phù hợp cho những người yêu thích sự kết hợp giữa công nghệ và thời trang.', 0, '2024-11-24 10:25:51'),
(26, 'iPhone SE', 1, 1, 699, 'apple1.2.png', 'Apple iPhone SE (thế hệ 3) là mẫu smartphone giá rẻ của Apple, ra mắt vào năm 2022. iPhone SE sở hữu thiết kế giống iPhone 8 với màn hình Retina HD 4.7 inch, độ phân giải 1334 x 750 pixel. Mặc dù màn hình nhỏ, nhưng nó vẫn cho trải nghiệm sắc nét và chân thực với độ sáng lên đến 625 nits.\r\n\r\nĐiểm nổi bật của iPhone SE là việc trang bị chip A15 Bionic, giúp nó có hiệu suất tương đương với các mẫu iPhone cao cấp như iPhone 13, cho phép xử lý các tác vụ nhanh chóng và hiệu quả. Đây là một trong những smartphone có hiệu năng tốt nhất trong phân khúc giá rẻ.\r\n\r\niPhone SE có một camera chính 12MP với khẩu độ f/1.8, hỗ trợ chụp ảnh chất lượng cao, quay video 4K và sử dụng chế độ Deep Fusion để cải thiện chất lượng hình ảnh trong điều kiện ánh sáng yếu. Máy cũng hỗ trợ nhận diện khuôn mặt và các tính năng bảo mật qua Touch ID, tích hợp trong nút Home vật lý.\r\n\r\nMáy có dung lượng lưu trữ từ 64GB, 128GB đến 256GB, và hỗ trợ kết nối 5G, Wi-Fi 6, cùng Bluetooth 5.0. Thời lượng pin của iPhone SE kéo dài đến 15 giờ phát video liên tục, nhờ vào khả năng tối ưu của chip A15 Bionic.\r\n\r\nGiá tham khảo của iPhone SE bắt đầu từ khoảng 11,000,000 VNĐ, là lựa chọn phù hợp cho những ai muốn trải nghiệm iPhone với mức giá hợp lý mà không cần hy sinh hiệu năng.', 1, '2024-11-24 08:53:21'),
(27, 'MacBook Air', 1, 2, 999, 'apple2.2.png', 'Apple MacBook Air là dòng laptop mỏng nhẹ, được thiết kế để tối ưu hóa tính di động mà vẫn duy trì hiệu suất mạnh mẽ. Phiên bản mới nhất của MacBook Air (2022) được trang bị chip Apple M2, mang lại hiệu suất vượt trội với khả năng xử lý nhanh chóng các tác vụ từ công việc văn phòng, chỉnh sửa hình ảnh, đến các ứng dụng đồ họa yêu cầu cao. MacBook Air có màn hình Retina 13.6 inch với độ phân giải 2560 x 1664 pixel, hỗ trợ dải màu P3, giúp hiển thị hình ảnh sắc nét và sống động.\r\n\r\nMacBook Air có thiết kế mỏng chỉ 1.13 cm và trọng lượng nhẹ khoảng 1.24 kg, thuận tiện cho việc di chuyển. Nó không còn sử dụng quạt tản nhiệt, giúp hoạt động yên tĩnh và mát mẻ, ngay cả khi làm việc liên tục.\r\n\r\nVới chip M2, MacBook Air có hiệu suất đồ họa và xử lý tốt hơn so với các thế hệ trước, giúp người dùng thực hiện các công việc sáng tạo, từ chỉnh sửa video đến lập trình, một cách dễ dàng. MacBook Air cung cấp thời lượng pin lên đến 18 giờ sử dụng liên tục, giúp bạn làm việc cả ngày mà không cần sạc lại.\r\n\r\nMáy đi kèm với các cổng kết nối như 2 cổng Thunderbolt/USB 4, giắc cắm tai nghe 3.5mm, và hỗ trợ Wi-Fi 6, Bluetooth 5.0. Ngoài ra, MacBook Air còn hỗ trợ webcam 1080p, giúp cải thiện chất lượng cuộc gọi video. \r\n\r\nGiá tham khảo của MacBook Air (M2) bắt đầu từ khoảng 25,000,000 VNĐ, là sự lựa chọn lý tưởng cho những ai cần một chiếc laptop nhẹ, hiệu năng cao nhưng vẫn đầy đủ tính năng.', 0, '2024-11-24 09:12:20'),
(28, 'AirPods', 1, 3, 199, 'apple3.3.png', 'Apple AirPods Pro (Thế hệ 2) là tai nghe không dây cao cấp thuộc dòng TWS của Apple, sử dụng chip xử lý H2 mang lại hiệu suất âm thanh vượt trội. Tai nghe có kích thước 30.9 x 21.8 x 24.0 mm, trọng lượng 5.3g mỗi bên, đi kèm hộp sạc kích thước 45.2 x 60.6 x 21.7 mm và trọng lượng 50.8g. Kết nối qua Bluetooth 5.3, AirPods Pro 2 hỗ trợ thời lượng pin lên đến 6 giờ cho mỗi lần sạc đầy tai nghe và tổng cộng 30 giờ khi sử dụng cùng hộp sạc. Hộp sạc sử dụng cổng Lightning, tương thích với sạc không dây MagSafe và Qi. Tai nghe đạt chuẩn chống nước và mồ hôi IPX4, phù hợp cho các hoạt động hàng ngày. Sản phẩm có màu trắng và giá tham khảo khoảng 7,500,000 VNĐ.', 1, '2024-11-24 09:29:32'),
(29, 'iPad Air', 1, 4, 599, 'apple4.4.png', 'Apple iPad Air là dòng máy tính bảng tầm trung của Apple, được thiết kế mỏng nhẹ nhưng vẫn mạnh mẽ với nhiều tính năng cao cấp. Phiên bản mới nhất của iPad Air được trang bị chip M1, mang lại hiệu năng vượt trội, tương đương với dòng MacBook Air. Máy có màn hình Liquid Retina 10.9 inch, độ phân giải 2360 x 1640 pixel, hỗ trợ dải màu P3, True Tone và độ sáng lên đến 500 nits, cho chất lượng hiển thị sắc nét và sống động.\r\n\r\nThiết kế của iPad Air theo kiểu nguyên khối, viền mỏng với chất liệu nhôm tái chế. Thiết bị hỗ trợ Touch ID tích hợp trên nút nguồn, cổng kết nối USB-C cho tốc độ truyền dữ liệu cao và khả năng tương thích với nhiều phụ kiện. iPad Air có kích thước 247.6 x 178.5 x 6.1 mm, trọng lượng chỉ khoảng 461g (bản Wi-Fi) và 462g (bản Wi-Fi + Cellular).  \r\n\r\nMáy hỗ trợ Apple Pencil thế hệ 2 và Magic Keyboard, giúp tối ưu hóa cho công việc và sáng tạo. Thời lượng pin kéo dài 10 giờ lướt web hoặc xem video. Các phiên bản dung lượng bao gồm 64GB và 256GB, với tùy chọn kết nối Wi-Fi hoặc Wi-Fi + 5G. Giá tham khảo từ 16,000,000 VNĐ tùy phiên bản và cấu hình.  ', 1, '2024-11-24 10:07:27'),
(30, 'Apple Watch SE', 1, 5, 299, 'apple5.5.png', 'Apple Watch SE là mẫu đồng hồ thông minh tầm trung của Apple, được thiết kế để mang lại những tính năng cơ bản và nâng cao với giá cả phải chăng hơn so với các dòng Apple Watch cao cấp. Phiên bản mới nhất của Apple Watch SE (thế hệ 2) được trang bị chip S8 SiP, cho hiệu suất nhanh chóng và mượt mà. Đồng hồ có màn hình Retina LTPO OLED 1.78 inch (40mm) hoặc 1.9 inch (44mm), độ sáng tối đa lên đến 1000 nits, giúp dễ dàng nhìn rõ ngay cả dưới ánh sáng mặt trời.\r\n\r\nApple Watch SE hỗ trợ nhiều tính năng theo dõi sức khỏe và thể dục như đo nhịp tim, theo dõi giấc ngủ, theo dõi bước đi và các bài tập thể dục. Nó cũng hỗ trợ tính năng Phát hiện sự cố (Crash Detection), giúp xác định khi người dùng gặp tai nạn nghiêm trọng và tự động gọi hỗ trợ khẩn cấp.\r\n\r\nĐồng hồ có thiết kế vỏ nhôm nhẹ, chịu nước (chứng nhận IP6X và WR50), và có thể sử dụng trong nhiều điều kiện môi trường khác nhau. Apple Watch SE hỗ trợ kết nối Wi-Fi và Bluetooth 5.0, cho phép nhận thông báo, cuộc gọi, tin nhắn và điều khiển nhạc từ iPhone của bạn.\r\n\r\nBên cạnh đó, Apple Watch SE cũng hỗ trợ Family Setup, cho phép các bậc phụ huynh thiết lập và theo dõi hoạt động của trẻ em mà không cần iPhone của chúng. Thời lượng pin của Apple Watch SE kéo dài khoảng 18 giờ, đủ cho một ngày sử dụng.\r\n\r\nGiá tham khảo của Apple Watch SE (thế hệ 2) bắt đầu từ khoảng 6,500,000 VNĐ, tùy thuộc vào kích thước và cấu hình.', 0, '2024-11-24 10:26:08'),
(31, 'Galaxy Note 20', 2, 1, 999, 'samsum1.2.png', '**Samsung Galaxy Note 20** là một trong những mẫu điện thoại cao cấp thuộc dòng Galaxy Note của Samsung, nổi bật với màn hình lớn, hiệu suất mạnh mẽ và các tính năng sáng tạo hỗ trợ công việc và giải trí. Galaxy Note 20 được thiết kế cho những người dùng yêu thích sự tiện dụng, khả năng đa nhiệm và sự sáng tạo với bút S Pen nổi tiếng của dòng Note.\r\n\r\n### **Thiết kế:**\r\nGalaxy Note 20 có thiết kế sang trọng với khung viền kim loại và mặt lưng kính, mang lại cảm giác cầm nắm chắc chắn và cao cấp. Màn hình của máy có kích thước 6.7 inch (Note 20) hoặc 6.9 inch (Note 20 Ultra) với viền mỏng và cong nhẹ ở hai bên, tạo nên không gian hiển thị rộng rãi và sống động. Máy có thể chống nước và chống bụi chuẩn IP68, cho phép người dùng yên tâm sử dụng trong điều kiện khắc nghiệt.\r\n\r\n### **Màn hình:**\r\nSamsung Galaxy Note 20 sở hữu màn hình Dynamic AMOLED 2X với độ phân giải Full HD+ (cho phiên bản Note 20) và WQHD+ (cho phiên bản Note 20 Ultra), mang đến chất lượng hiển thị sắc nét và màu sắc rực rỡ. Màn hình này hỗ trợ tần số quét 120Hz (trên phiên bản Ultra), giúp việc cuộn và tương tác mượt mà, phù hợp cho cả chơi game và sử dụng ứng dụng nặng. Độ sáng tối đa của màn hình rất cao, giúp sử dụng ngoài trời dễ dàng.\r\n\r\n### **Hiệu năng:**\r\nGalaxy Note 20 được trang bị vi xử lý mạnh mẽ Exynos 990 (hoặc Snapdragon 865+ tại một số thị trường), cùng với RAM 8GB hoặc 12GB và bộ nhớ trong từ 128GB đến 512GB, tùy thuộc vào phiên bản. Máy có thể xử lý mượt mà các tác vụ đa nhiệm, chơi game đồ họa cao, chỉnh sửa video, và các tác vụ văn phòng mà không gặp khó khăn. Máy còn hỗ trợ khả năng mở rộng bộ nhớ qua thẻ microSD (chỉ phiên bản Note 20).\r\n\r\n### **Bút S Pen:**\r\nMột trong những tính năng đặc biệt của Galaxy Note 20 là bút S Pen, được cải tiến với độ trễ cực thấp, mang lại trải nghiệm viết, vẽ và thao tác trên màn hình mượt mà như đang viết trên giấy. S Pen cũng hỗ trợ nhiều tính năng hữu ích như điều khiển từ xa các ứng dụng, chụp ảnh, điều khiển trình chiếu, và nhiều tác vụ khác chỉ bằng một nút bấm.\r\n\r\n### **Camera:**\r\n- **Galaxy Note 20**: Camera chính 108MP (trên phiên bản Ultra) hoặc 12MP (trên phiên bản tiêu chuẩn), camera telephoto 64MP với zoom quang học 3x, và camera góc rộng 12MP. Máy còn hỗ trợ quay video 8K và có các chế độ chụp ảnh như chế độ ban đêm, xóa phông, và nhiều tùy chọn khác.\r\n- **Galaxy Note 20 Ultra**: Camera chính 108MP, camera telephoto 12MP hỗ trợ zoom quang học 5x và zoom kỹ thuật số lên đến 50x, cùng với camera siêu rộng 12MP. Máy hỗ trợ công nghệ laser autofocus và cảm biến ToF (Time of Flight) giúp tăng khả năng lấy nét và đo chiều sâu.\r\n\r\n### **Pin và Sạc:**\r\nGalaxy Note 20 được trang bị viên pin 4300mAh (Note 20) hoặc 4500mAh (Note 20 Ultra), cho phép sử dụng cả ngày dài với các tác vụ thông thường. Máy hỗ trợ sạc nhanh 25W, giúp sạc đầy pin trong khoảng 1 giờ. Ngoài ra, Note 20 còn hỗ trợ sạc không dây và sạc ngược không dây, giúp sạc các thiết bị khác như tai nghe hoặc điện thoại khác.\r\n\r\n### **Kết nối và Tính năng khác:**\r\n- **5G**: Galaxy Note 20 hỗ trợ kết nối mạng 5G, mang đến tốc độ internet cực nhanh (tùy thuộc vào nhà mạng và khu vực sử dụng).\r\n- **Kết nối**: Máy hỗ trợ Bluetooth 5.0, Wi-Fi 6, NFC, và USB-C cho việc kết nối và truyền tải dữ liệu nhanh chóng.\r\n- **Bảo mật**: Galaxy Note 20 có tính năng nhận diện vân tay trong màn hình, nhận diện khuôn mặt, và mã PIN để bảo mật dữ liệu của người dùng.\r\n\r\n### **Giá tham khảo:**\r\nGiá của Samsung Galaxy Note 20 dao động từ khoảng 20,000,000 VNĐ đến 30,000,000 VNĐ tùy vào cấu hình và thị trường. Đây là một chiếc điện thoại cao cấp, phù hợp với những người dùng cần một thiết bị mạnh mẽ, có khả năng sáng tạo và hỗ trợ công việc hiệu quả.', 1, '2024-11-24 08:53:37'),
(32, 'Galaxy Chromebook', 2, 2, 899, 'samsum2.2.png', '**Samsung Galaxy Chromebook** là một dòng laptop cao cấp chạy hệ điều hành Chrome OS, được Samsung thiết kế đặc biệt cho những người dùng yêu thích tính di động, hiệu suất mạnh mẽ và tính năng tương tác cảm ứng. Galaxy Chromebook mang lại một trải nghiệm tuyệt vời cho những ai cần một chiếc máy tính để làm việc, học tập hoặc giải trí, với thiết kế sang trọng và các tính năng thông minh.\r\n\r\n### **Thiết kế:**\r\nSamsung Galaxy Chromebook có thiết kế mỏng nhẹ và thanh lịch với vỏ kim loại chắc chắn, mang đến sự sang trọng và độ bền cao. Với trọng lượng chỉ khoảng 1kg và độ dày khoảng 13mm, chiếc laptop này rất dễ dàng mang theo khi di chuyển. Màn hình của Galaxy Chromebook có thể xoay 360 độ, cho phép chuyển đổi dễ dàng giữa chế độ laptop và tablet, mang lại tính linh hoạt cao trong việc sử dụng.\r\n\r\n### **Màn hình:**\r\nSamsung Galaxy Chromebook sở hữu màn hình 13.3 inch với độ phân giải 4K (3840 x 2160 pixel), sử dụng công nghệ Super AMOLED cho chất lượng hiển thị sắc nét, màu sắc sống động và độ tương phản cao. Màn hình cảm ứng cho phép người dùng tương tác trực tiếp với nội dung trên màn hình, giúp trải nghiệm sử dụng trở nên mượt mà và trực quan hơn. Màn hình này còn hỗ trợ độ sáng cao, giúp việc sử dụng ngoài trời dễ dàng hơn.\r\n\r\n### **Hiệu năng:**\r\nGalaxy Chromebook được trang bị bộ vi xử lý Intel Core i5 hoặc i7 thế hệ 10, với RAM từ 8GB đến 16GB, giúp chạy mượt mà các tác vụ đa nhiệm, trình duyệt web, làm việc với các ứng dụng web, và các phần mềm học tập hoặc sáng tạo nội dung nhẹ. Với hệ điều hành Chrome OS, Galaxy Chromebook hoạt động rất nhanh, khởi động tức thì và tối ưu hóa hiệu suất với các ứng dụng từ Google.\r\n\r\n### **Bộ nhớ:**\r\nMáy có bộ nhớ SSD từ 128GB đến 256GB, giúp lưu trữ dữ liệu nhanh chóng và an toàn. Với hệ điều hành Chrome OS, Galaxy Chromebook chủ yếu sử dụng các dịch vụ lưu trữ đám mây như Google Drive, giúp người dùng dễ dàng truy cập và đồng bộ hóa tài liệu của mình.\r\n\r\n### **Pin và Sạc:**\r\nSamsung Galaxy Chromebook trang bị viên pin 49.2Wh, cho phép sử dụng trong khoảng 8-10 giờ với các tác vụ thông thường như duyệt web, xem video và làm việc văn phòng. Máy hỗ trợ sạc nhanh thông qua cổng USB-C, giúp tiết kiệm thời gian và dễ dàng sạc lại máy khi cần thiết.\r\n\r\n### **Kết nối và Cổng giao tiếp:**\r\nGalaxy Chromebook có đầy đủ các cổng kết nối bao gồm USB-C, USB-A, khe thẻ microSD và giắc cắm tai nghe 3.5mm. Máy hỗ trợ kết nối Wi-Fi 6 và Bluetooth 5.0, giúp việc truyền tải dữ liệu nhanh chóng và ổn định. Cổng USB-C hỗ trợ sạc và kết nối với các thiết bị ngoại vi như màn hình rời hoặc ổ cứng ngoài.\r\n\r\n### **Tính năng khác:**\r\n- **Camera và Mic**: Galaxy Chromebook được trang bị camera HD, hỗ trợ các cuộc gọi video chất lượng cao, cùng với mic đa hướng giúp thu âm rõ ràng trong các cuộc họp hoặc học tập trực tuyến.\r\n- **Bàn phím và Touchpad**: Bàn phím của Galaxy Chromebook có đèn nền, dễ dàng sử dụng trong môi trường thiếu sáng. Touchpad lớn, nhạy, hỗ trợ các thao tác đa điểm chính xác.\r\n- **Bảo mật**: Samsung Galaxy Chromebook hỗ trợ tính năng bảo mật thông qua hệ sinh thái Google, bao gồm mã hóa dữ liệu và các tính năng bảo vệ quyền riêng tư.\r\n\r\n### **Giá tham khảo:**\r\nSamsung Galaxy Chromebook có mức giá dao động từ khoảng 20,000,000 VNĐ đến 30,000,000 VNĐ, tùy thuộc vào cấu hình và phiên bản. Đây là sự lựa chọn tuyệt vời cho những người cần một chiếc laptop cao cấp, hiệu suất mạnh mẽ, thiết kế sang trọng, và tích hợp các tính năng thông minh phù hợp với nhu cầu công việc và giải trí.', 0, '2024-11-24 09:12:43'),
(33, 'Samsung Buds', 2, 3, 149, 'samsum3.3.png', 'Samsung Buds là dòng tai nghe không dây (true wireless earbuds) do Samsung phát triển, nhằm cung cấp trải nghiệm âm thanh chất lượng cao, khả năng kết nối ổn định và tính di động cao. Samsung Buds rất được ưa chuộng nhờ vào thiết kế nhỏ gọn, hiệu suất âm thanh xuất sắc và các tính năng thông minh.\r\n\r\n**Thiết kế:**\r\nSamsung Buds có thiết kế nhỏ gọn, vừa vặn với tai người dùng, tạo cảm giác thoải mái khi đeo lâu dài. Các tai nghe này thường đi kèm với nhiều cỡ đầu tai (ear tips) để người dùng chọn lựa sao cho phù hợp với tai của mình, giúp cải thiện khả năng cách âm và chất lượng âm thanh. Với thiết kế không dây, Samsung Buds không có dây nối giữa hai bên, tạo sự tiện lợi và dễ dàng di chuyển.\r\n\r\n**Âm thanh:**\r\nSamsung Buds cung cấp chất lượng âm thanh vượt trội với âm bass mạnh mẽ, âm trung rõ ràng và âm treble trong trẻo. Các phiên bản mới của Samsung Buds còn được tích hợp công nghệ âm thanh vòm (360 Audio) và khả năng hỗ trợ các codec âm thanh cao cấp như AAC, giúp mang đến trải nghiệm âm nhạc sống động và chi tiết hơn. Tai nghe cũng hỗ trợ tính năng khử tiếng ồn (Active Noise Cancellation - ANC) giúp giảm thiểu tạp âm từ môi trường bên ngoài, giúp người dùng tập trung hơn vào âm nhạc hoặc cuộc gọi.\r\n\r\n**Kết nối và Điều khiển:**\r\nSamsung Buds sử dụng công nghệ Bluetooth 5.0 hoặc 5.2, giúp kết nối nhanh chóng và ổn định với các thiết bị như smartphone, máy tính bảng, laptop hoặc các thiết bị khác có hỗ trợ Bluetooth. Người dùng có thể điều khiển các chức năng như chơi/pause nhạc, chuyển bài, nhận cuộc gọi hoặc kích hoạt trợ lý ảo (Samsung Bixby, Google Assistant, hoặc Siri) thông qua các cảm biến cảm ứng trên tai nghe. Một số phiên bản của Samsung Buds còn hỗ trợ điều khiển bằng giọng nói.\r\n\r\n**Pin và Sạc:**\r\nSamsung Buds có thời gian sử dụng pin khá ấn tượng, với khả năng chơi nhạc liên tục từ 5 đến 8 giờ, tùy vào mức âm lượng và việc sử dụng tính năng ANC. Kết hợp với hộp sạc, người dùng có thể gia tăng thời gian sử dụng lên đến 20 giờ hoặc hơn. Hộp sạc của Samsung Buds thường được thiết kế nhỏ gọn, dễ dàng bỏ vào túi, và hỗ trợ cả sạc không dây (Qi) và sạc qua cổng USB-C.\r\n\r\n**Tính năng khác:**\r\nSamsung Buds còn có khả năng chống nước và mồ hôi theo chuẩn IPX7 hoặc IPX2 (tuỳ model), giúp người dùng yên tâm sử dụng khi luyện tập thể thao hoặc đi dưới mưa nhẹ. Các tai nghe này cũng hỗ trợ kết nối với ứng dụng Galaxy Wearable, giúp người dùng tùy chỉnh các cài đặt như mức âm thanh, chế độ khử tiếng ồn, và cập nhật phần mềm.\r\n\r\n**Giá tham khảo:**\r\nSamsung Buds có nhiều phiên bản với mức giá dao động từ khoảng 1,500,000 VNĐ đến 5,000,000 VNĐ, tùy vào tính năng và phiên bản (Buds+, Buds Pro, Buds Live,...). Đây là một sự lựa chọn hấp dẫn cho những người muốn sở hữu một chiếc tai nghe không dây với chất lượng âm thanh tuyệt vời, khả năng kết nối ổn định và tính năng khử ồn hiệu quả.', 1, '2024-11-24 09:29:54'),
(34, 'Galaxy Tab A7', 2, 4, 399, 'samsum4.4.png', '**Samsung Galaxy Tab A7** là một chiếc máy tính bảng tầm trung của Samsung, được thiết kế để đáp ứng nhu cầu giải trí, học tập, và làm việc cơ bản. Với màn hình lớn, hiệu suất ổn định, và thiết kế mỏng nhẹ, Galaxy Tab A7 là lựa chọn phù hợp cho những người dùng muốn trải nghiệm Android trên một thiết bị di động với giá phải chăng.\r\n\r\n### **Thiết kế:**\r\nGalaxy Tab A7 có thiết kế tối giản với khung kim loại chắc chắn và mặt lưng mượt mà. Máy có màn hình lớn 10.4 inch, với viền mỏng tạo cảm giác màn hình rộng rãi và dễ dàng thao tác. Tab A7 có trọng lượng nhẹ chỉ khoảng 476g, giúp người dùng dễ dàng mang theo và sử dụng trong thời gian dài mà không cảm thấy mỏi tay. Mặt lưng của máy không có cảm biến vân tay, nhưng có một camera đơn phía sau.\r\n\r\n### **Màn hình:**\r\nSamsung Galaxy Tab A7 trang bị màn hình TFT 10.4 inch với độ phân giải 2000 x 1200 pixels, mang lại chất lượng hình ảnh sắc nét và sống động. Màn hình này hỗ trợ hiển thị màu sắc tốt, giúp trải nghiệm xem phim, chơi game, và duyệt web trở nên thú vị. Mặc dù không phải là màn hình AMOLED, nhưng với tấm nền TFT, Galaxy Tab A7 vẫn mang lại trải nghiệm hình ảnh khá tốt trong tầm giá.\r\n\r\n### **Hiệu năng:**\r\nGalaxy Tab A7 sử dụng vi xử lý Qualcomm Snapdragon 662, kết hợp với RAM 3GB và bộ nhớ trong 32GB (có thể mở rộng lên tới 1TB bằng thẻ microSD). Đây là cấu hình đủ mạnh để thực hiện các tác vụ hàng ngày như lướt web, xem video, và sử dụng các ứng dụng văn phòng cơ bản. Mặc dù không phải là một chiếc máy tính bảng chơi game mạnh mẽ, nhưng Galaxy Tab A7 vẫn đủ khả năng xử lý các game nhẹ và ứng dụng giải trí.\r\n\r\n### **Camera:**\r\nGalaxy Tab A7 sở hữu một camera chính 8MP ở mặt sau và camera trước 5MP. Camera chính có khả năng chụp ảnh và quay video ở mức trung bình, đủ đáp ứng các nhu cầu chụp ảnh cơ bản. Camera trước 5MP hỗ trợ tốt cho các cuộc gọi video và chụp ảnh selfie.\r\n\r\n### **Pin và Sạc:**\r\nTab A7 được trang bị viên pin 7040mAh, mang lại thời gian sử dụng lâu dài, có thể lên đến 10 giờ hoặc hơn khi sử dụng cho các tác vụ thông thường như xem phim, duyệt web, hay làm việc văn phòng. Máy hỗ trợ sạc nhanh 15W, giúp nạp đầy pin nhanh chóng khi cần.\r\n\r\n### **Kết nối và Tính năng khác:**\r\n- **Kết nối**: Galaxy Tab A7 hỗ trợ Wi-Fi 5, Bluetooth 5.0 và có các phiên bản hỗ trợ LTE hoặc Wi-Fi chỉ, giúp người dùng dễ dàng kết nối với internet và các thiết bị khác.\r\n- **Tính năng giải trí**: Máy trang bị loa stereo với công nghệ Dolby Atmos, mang lại trải nghiệm âm thanh ấn tượng khi xem phim hoặc nghe nhạc.\r\n- **Android**: Galaxy Tab A7 chạy trên hệ điều hành Android 10, với giao diện One UI của Samsung, giúp người dùng dễ dàng tùy chỉnh và sử dụng.\r\n\r\n### **Giá tham khảo:**\r\nGalaxy Tab A7 có giá dao động từ khoảng 5,000,000 VNĐ đến 6,000,000 VNĐ tùy vào cấu hình và các chương trình khuyến mãi. Đây là một lựa chọn hợp lý cho những ai cần một chiếc máy tính bảng đa năng với giá thành phải chăng.', 0, '2024-11-24 10:07:48'),
(35, 'Galaxy Fit 2', 2, 5, 99, 'samsum5.5.png', '**Samsung Galaxy Fit 2** là một vòng đeo tay thông minh (fitness tracker) của Samsung, được thiết kế để theo dõi sức khỏe và hoạt động thể chất của người dùng. Với thiết kế gọn nhẹ, nhiều tính năng hữu ích và giá cả phải chăng, Galaxy Fit 2 trở thành một lựa chọn phổ biến cho những ai muốn theo dõi sức khỏe mà không cần một chiếc smartwatch đắt tiền.\r\n\r\n### **Thiết kế:**\r\nGalaxy Fit 2 có thiết kế mỏng nhẹ, với màn hình AMOLED 1.1 inch cho khả năng hiển thị sắc nét và màu sắc rực rỡ. Màn hình cảm ứng dễ sử dụng, giúp người dùng dễ dàng tương tác với các tính năng của thiết bị. Mặt đồng hồ có hình dạng hình chữ nhật với các góc bo tròn, tạo cảm giác thoải mái khi đeo trên cổ tay. Dây đeo được làm từ silicone mềm mại, giúp cảm giác đeo lâu dài mà không gây khó chịu. Galaxy Fit 2 có khả năng chống nước chuẩn 5ATM, giúp người dùng thoải mái sử dụng khi đi mưa hoặc bơi lội.\r\n\r\n### **Màn hình:**\r\nVới màn hình AMOLED 1.1 inch, Galaxy Fit 2 mang đến chất lượng hiển thị sắc nét, rõ ràng và dễ đọc ngay cả dưới ánh sáng mạnh. Màn hình này hỗ trợ độ sáng cao, giúp dễ dàng sử dụng trong mọi điều kiện ánh sáng. Cùng với đó, người dùng có thể tuỳ chỉnh mặt đồng hồ với nhiều kiểu dáng khác nhau, phù hợp với sở thích cá nhân.\r\n\r\n### **Tính năng theo dõi sức khỏe:**\r\nGalaxy Fit 2 được trang bị các cảm biến để theo dõi các hoạt động thể chất như bước đi, quãng đường, lượng calo tiêu thụ, và thời gian vận động. Ngoài ra, nó còn hỗ trợ tính năng đo nhịp tim liên tục, giúp theo dõi sức khỏe tim mạch trong suốt ngày. Thiết bị cũng có khả năng theo dõi giấc ngủ và đánh giá chất lượng giấc ngủ, giúp người dùng biết được các chỉ số quan trọng liên quan đến việc nghỉ ngơi.\r\n\r\n### **Các chế độ thể thao:**\r\nGalaxy Fit 2 hỗ trợ nhiều chế độ thể thao như đi bộ, chạy bộ, đạp xe, bơi lội, và nhiều hoạt động khác, giúp người dùng theo dõi chi tiết về các bài tập thể dục của mình. Mỗi chế độ sẽ cung cấp các thông tin cụ thể về hiệu suất như quãng đường, nhịp tim, và lượng calo đã tiêu thụ.\r\n\r\n### **Pin và Sạc:**\r\nMột trong những điểm nổi bật của Galaxy Fit 2 là thời gian sử dụng pin rất lâu. Với viên pin 159mAh, thiết bị có thể sử dụng liên tục từ 10 đến 15 ngày (tùy vào mức độ sử dụng), giúp người dùng không phải lo lắng về việc sạc pin thường xuyên. Galaxy Fit 2 sử dụng sạc từ tính, rất dễ dàng để gắn và sạc lại thiết bị.\r\n\r\n### **Kết nối và Tính năng thông minh:**\r\nGalaxy Fit 2 sử dụng Bluetooth 5.1 để kết nối với điện thoại thông minh, cho phép người dùng nhận thông báo từ các ứng dụng, tin nhắn, cuộc gọi và các thông báo khác ngay trên thiết bị đeo. Bạn có thể dễ dàng kiểm tra thông báo từ các ứng dụng như WhatsApp, Facebook, và nhiều ứng dụng khác mà không cần phải lấy điện thoại ra khỏi túi. Nó cũng hỗ trợ điều khiển nhạc, giúp bạn dễ dàng điều chỉnh bài hát hoặc âm lượng mà không cần rời khỏi màn hình chính.\r\n\r\n### **Bảo mật và Thông báo:**\r\nGalaxy Fit 2 có khả năng thông báo cuộc gọi đến, tin nhắn và các thông báo ứng dụng, giúp bạn không bỏ lỡ các thông tin quan trọng. Mặc dù thiết bị này không có tính năng trả lời cuộc gọi hoặc tin nhắn, nhưng nó vẫn giúp bạn biết khi nào cần chú ý đến điện thoại.\r\n\r\n### **Giá tham khảo:**\r\nSamsung Galaxy Fit 2 có giá dao động khoảng 1,000,000 VNĐ đến 1,500,000 VNĐ, tùy vào nơi bán và các chương trình khuyến mãi. Đây là một lựa chọn tuyệt vời cho những ai muốn theo dõi sức khỏe và hoạt động thể chất mà không cần đầu tư quá nhiều vào một smartwatch đắt tiền.', 1, '2024-11-24 10:26:32');
INSERT INTO `products` (`id`, `name`, `manu_id`, `type_id`, `price`, `image`, `description`, `feature`, `created_at`) VALUES
(36, 'Oppo Reno 5', 3, 1, 499, 'oppo1.2.png', 'Oppo Reno 5 là một chiếc điện thoại thông minh thuộc dòng Reno của Oppo, được ra mắt vào đầu năm 2021. Đây là một thiết bị tầm trung, nổi bật với thiết kế đẹp mắt, hiệu suất ổn định, và hệ thống camera chất lượng, đáp ứng nhu cầu của những người dùng yêu thích chụp ảnh và giải trí.\r\n\r\n**Thiết kế và Màn hình:**\r\nOppo Reno 5 sở hữu màn hình AMOLED 6.43 inch với độ phân giải Full HD+ (2400 x 1080 pixel), mang lại màu sắc sống động và độ sáng cao. Màn hình này hỗ trợ tần số quét 90Hz, giúp các thao tác vuốt và cuộn trang mượt mà. Điện thoại có thiết kế mỏng nhẹ với viền mỏng, mặt lưng kính bóng bẩy, mang lại cảm giác cầm nắm thoải mái và sang trọng.\r\n\r\n**Hiệu năng:**\r\nOppo Reno 5 trang bị vi xử lý Qualcomm Snapdragon 720G, cùng với RAM 8GB và bộ nhớ trong 128GB. Vi xử lý này mang lại hiệu suất ổn định cho các tác vụ hàng ngày như duyệt web, xem video, chơi game nhẹ và các ứng dụng văn phòng. Tuy không phải là vi xử lý mạnh mẽ nhất trong phân khúc tầm trung, nhưng Snapdragon 720G đủ đáp ứng nhu cầu sử dụng phổ thông.\r\n\r\n**Camera:**\r\nHệ thống camera của Oppo Reno 5 là một trong những điểm nổi bật. Máy có camera chính 64MP với khẩu độ f/1.7, hỗ trợ chụp ảnh sắc nét trong nhiều điều kiện ánh sáng. Bên cạnh đó, Oppo Reno 5 còn trang bị camera siêu rộng 8MP, camera macro 2MP và camera độ sâu 2MP, giúp chụp được nhiều kiểu ảnh như góc rộng, chụp cận cảnh và chân dung đẹp mắt.\r\n\r\nCamera trước của máy có độ phân giải 44MP, một con số ấn tượng cho nhu cầu chụp ảnh selfie và gọi video. Oppo Reno 5 còn hỗ trợ nhiều tính năng như AI Beautification, chế độ làm đẹp và nhiều chế độ chụp ảnh sáng tạo.\r\n\r\n**Pin và Sạc:**\r\nOppo Reno 5 trang bị viên pin 4300mAh, có thể sử dụng cả ngày với các tác vụ thông thường như lướt web, xem video và gọi điện. Máy hỗ trợ công nghệ sạc nhanh VOOC 4.0 50W, giúp sạc từ 0% lên 100% chỉ trong khoảng 45 phút. Đây là một tính năng nổi bật, giúp người dùng tiết kiệm thời gian sạc và sử dụng máy liên tục.\r\n\r\n**Tính năng khác:**\r\nOppo Reno 5 chạy trên hệ điều hành ColorOS 11.1, dựa trên Android 11, với giao diện người dùng thân thiện và nhiều tính năng như chế độ Dark Mode, chế độ bảo mật và quản lý thông báo. Máy cũng hỗ trợ các tính năng kết nối hiện đại như Wi-Fi 5, Bluetooth 5.1, và USB Type-C.\r\n\r\n**Giá tham khảo:**\r\nOppo Reno 5 có giá dao động từ khoảng 7,000,000 VNĐ đến 9,000,000 VNĐ, tùy vào các chương trình khuyến mãi và khu vực bán hàng. Đây là một chiếc điện thoại tầm trung với hiệu suất tốt, camera chất lượng và các tính năng hiện đại, phù hợp cho người dùng yêu thích chụp ảnh và giải trí di động.', 1, '2024-11-24 08:54:01'),
(37, 'Oppo Chromebook', 3, 2, 799, 'oppo2.2.png', 'Oppo Chromebook là một sản phẩm laptop chạy hệ điều hành Chrome OS của Oppo, nhắm đến đối tượng người dùng yêu cầu một thiết bị đơn giản nhưng mạnh mẽ để sử dụng cho các tác vụ cơ bản như duyệt web, làm việc với tài liệu văn phòng, và học trực tuyến. Mặc dù Oppo chưa ra mắt nhiều Chromebook trên thị trường, thiết bị này có thể mang lại trải nghiệm Chrome OS mượt mà, với giao diện thân thiện và hỗ trợ các ứng dụng Android từ Google Play Store.\r\n\r\nChromebook của Oppo thường có thiết kế mỏng nhẹ, dễ dàng mang theo trong các chuyến công tác hoặc di chuyển hằng ngày. Chúng được trang bị màn hình Full HD hoặc cao hơn, với kích thước phổ biến từ 13 inch đến 15 inch, mang đến không gian làm việc rộng rãi và chất lượng hình ảnh tốt.\r\n\r\nVề hiệu suất, Oppo Chromebook thường được trang bị các vi xử lý Intel Celeron hoặc Core i3/i5, giúp xử lý các tác vụ văn phòng, duyệt web và giải trí nhẹ nhàng. Với bộ nhớ RAM từ 4GB đến 8GB và dung lượng lưu trữ SSD từ 64GB đến 128GB, nó có thể đáp ứng nhu cầu sử dụng hàng ngày một cách hiệu quả. Thời lượng pin của Oppo Chromebook có thể kéo dài từ 8 đến 12 giờ, tùy vào cấu hình và mức độ sử dụng.\r\n\r\nChromebook Oppo cũng hỗ trợ tính năng bảo mật của Google, như xác thực hai yếu tố và mã hóa dữ liệu, giúp bảo vệ thông tin cá nhân của người dùng. Các cổng kết nối bao gồm USB Type-C, USB-A, và khe cắm thẻ SD, giúp kết nối với nhiều thiết bị ngoại vi và phụ kiện.\r\n\r\nGiá tham khảo của Oppo Chromebook thường dao động từ khoảng 10,000,000 VNĐ đến 15,000,000 VNĐ, tùy thuộc vào cấu hình và khu vực bán hàng.', 0, '2024-11-24 09:13:07'),
(38, 'Oppo Earbuds', 3, 3, 99, 'oppo3.3.png', 'Oppo Earbuds là dòng tai nghe không dây của Oppo, thiết kế để cung cấp âm thanh chất lượng cao, kết nối ổn định và tính năng thông minh cho người dùng. Oppo Earbuds được trang bị công nghệ Bluetooth 5.0, giúp kết nối với các thiết bị di động, máy tính bảng hoặc laptop nhanh chóng và ổn định.\r\n\r\nTai nghe có thiết kế nhỏ gọn, thoải mái khi đeo và phù hợp cho nhiều hoạt động như nghe nhạc, gọi điện hoặc tập thể dục. Với các phiên bản như Oppo Enco X hoặc Oppo Enco W31, Oppo Earbuds hỗ trợ công nghệ âm thanh Hi-Res Audio, mang đến trải nghiệm nghe nhạc sắc nét và chi tiết. Các phiên bản cao cấp như Oppo Enco X còn được trang bị công nghệ khử tiếng ồn chủ động (ANC), giúp giảm thiểu tạp âm và cải thiện chất lượng âm thanh trong môi trường ồn ào.\r\n\r\nVề thời gian sử dụng, Oppo Earbuds có thể hoạt động liên tục trong khoảng 4 đến 5 giờ, và với hộp sạc đi kèm, tổng thời gian sử dụng có thể lên đến 20 giờ hoặc hơn, tùy vào phiên bản và mức độ sử dụng. Hộp sạc sử dụng cổng USB-C để sạc nhanh và có thể sạc đầy trong khoảng 1 giờ.\r\n\r\nOppo Earbuds còn hỗ trợ các tính năng thông minh như điều khiển cảm ứng để chơi nhạc, trả lời cuộc gọi, và thay đổi chế độ âm thanh. Một số phiên bản còn có khả năng tương thích với trợ lý ảo Google Assistant hoặc Siri.\r\n\r\nGiá tham khảo của Oppo Earbuds dao động từ khoảng 600,000 VNĐ đến 2,000,000 VNĐ, tùy vào từng dòng sản phẩm và tính năng hỗ trợ.', 1, '2024-11-24 09:30:26'),
(39, 'Oppo Tablet', 3, 4, 349, 'oppo4.4.png', 'Oppo Tablet là một sản phẩm máy tính bảng do Oppo phát triển, được thiết kế để mang đến trải nghiệm giải trí và làm việc mượt mà với hiệu suất tốt. Mặc dù Oppo không phải là thương hiệu hàng đầu trong thị trường máy tính bảng, nhưng Oppo Tablet vẫn thu hút sự chú ý nhờ vào các tính năng hiện đại và thiết kế tinh tế.\r\n\r\n**Thiết kế:**\r\nOppo Tablet có thiết kế mỏng nhẹ và tinh tế, với khung viền kim loại và mặt lưng nhẵn, tạo cảm giác sang trọng khi cầm trên tay. Màn hình của máy có viền mỏng, giúp tối ưu diện tích hiển thị. Máy có các màu sắc đa dạng, giúp người dùng có nhiều lựa chọn phù hợp với sở thích cá nhân.\r\n\r\n**Màn hình:**\r\nMáy tính bảng Oppo sở hữu màn hình lớn, thường từ 10 đến 11 inch, với độ phân giải Full HD+ hoặc cao hơn, mang đến hình ảnh sắc nét, rõ ràng và sống động. Màn hình của Oppo Tablet có khả năng tái tạo màu sắc chính xác và hỗ trợ tần số quét cao, giúp trải nghiệm chơi game, xem video và duyệt web mượt mà hơn.\r\n\r\n**Hiệu năng:**\r\nOppo Tablet được trang bị vi xử lý mạnh mẽ, thường là dòng chip Snapdragon hoặc MediaTek, kết hợp với bộ nhớ RAM từ 4GB đến 8GB và bộ lưu trữ trong từ 64GB đến 256GB, giúp máy chạy mượt mà khi xử lý các tác vụ đa nhiệm, xem phim, lướt web và chơi game nhẹ. Máy cũng hỗ trợ thẻ nhớ mở rộng giúp lưu trữ dữ liệu thoải mái hơn.\r\n\r\n**Camera:**\r\nOppo Tablet có hệ thống camera kép, với camera chính từ 8MP trở lên, cho phép người dùng chụp ảnh và quay video với chất lượng khá tốt. Camera trước của máy thường có độ phân giải từ 5MP đến 8MP, hỗ trợ các cuộc gọi video sắc nét và chụp ảnh selfie chất lượng. Tuy nhiên, máy tính bảng không được thiết kế chủ yếu để chụp ảnh, nên camera của Oppo Tablet chủ yếu đáp ứng nhu cầu sử dụng cơ bản.\r\n\r\n**Pin và Sạc:**\r\nOppo Tablet trang bị viên pin dung lượng lớn, từ 6000mAh đến 8000mAh, cho phép sử dụng liên tục trong nhiều giờ đồng hồ. Viên pin này đáp ứng tốt nhu cầu giải trí và làm việc, giúp người dùng sử dụng máy cả ngày mà không cần sạc lại. Máy còn hỗ trợ sạc nhanh, giúp rút ngắn thời gian sạc pin.\r\n\r\n**Tính năng khác:**\r\nOppo Tablet chạy hệ điều hành Android với giao diện tùy biến ColorOS, giúp người dùng có một trải nghiệm sử dụng thân thiện và mượt mà. Máy cũng hỗ trợ kết nối Wi-Fi, Bluetooth, và một số mẫu còn có kết nối 4G hoặc 5G. Các tính năng như chia đôi màn hình, hỗ trợ bút stylus và bàn phím rời cũng có sẵn trên một số phiên bản của Oppo Tablet, giúp người dùng dễ dàng làm việc và sáng tạo.\r\n\r\n**Giá tham khảo:**\r\nOppo Tablet có mức giá dao động từ khoảng 7,000,000 VNĐ đến 12,000,000 VNĐ, tùy thuộc vào cấu hình và tính năng của từng model. Đây là một lựa chọn tốt cho người dùng tìm kiếm một chiếc máy tính bảng có hiệu năng ổn định, thiết kế đẹp và tính năng đa dạng.', 1, '2024-11-24 10:08:06'),
(40, 'Oppo Band', 3, 5, 59, 'oppo5.5.png', 'Oppo Band là một mẫu vòng đeo tay thông minh được thiết kế để theo dõi sức khỏe và thể dục, với các tính năng cơ bản như đo nhịp tim, theo dõi giấc ngủ, và đếm bước chân. Vòng đeo tay này sở hữu màn hình AMOLED 1.1 inch, cho phép hiển thị màu sắc sống động và rõ nét, dù trong điều kiện ánh sáng mạnh. Màn hình có độ phân giải 126 x 294 pixel, giúp hiển thị thông tin dễ dàng.\r\n\r\nOppo Band có thể theo dõi nhiều hoạt động thể dục, bao gồm chạy bộ, đạp xe, bơi lội và yoga. Đồng hồ hỗ trợ cảm biến nhịp tim quang học 24/7 và có khả năng theo dõi mức độ oxy trong máu (SpO2). Oppo Band còn cung cấp các báo cáo về giấc ngủ, phân tích các giai đoạn ngủ và đưa ra gợi ý để cải thiện chất lượng giấc ngủ.\r\n\r\nOppo Band có khả năng chống nước đạt chuẩn 5ATM, cho phép sử dụng trong các hoạt động thể thao dưới nước như bơi mà không lo bị hư hỏng. Nó cũng có thể hiển thị thông báo từ điện thoại, bao gồm cuộc gọi, tin nhắn và các thông báo từ ứng dụng.\r\n\r\nVới dung lượng pin 100mAh, Oppo Band có thể hoạt động liên tục trong khoảng 14 ngày chỉ với một lần sạc đầy. Thời gian sạc chỉ mất khoảng 1-2 giờ. Oppo Band cũng hỗ trợ kết nối với điện thoại qua Bluetooth 5.0 và có thể sử dụng ứng dụng Oppo Health trên điện thoại để theo dõi và phân tích dữ liệu sức khỏe.\r\n\r\nGiá tham khảo của Oppo Band dao động từ khoảng 800,000 VNĐ đến 1,000,000 VNĐ, tùy vào khu vực và các chương trình khuyến mãi.', 0, '2024-11-24 10:27:13'),
(41, 'Redmi Note 10', 4, 1, 299, 'xiaomi1.2.png', '**Xiaomi Redmi Note 10** là một trong những mẫu điện thoại thông minh phổ biến của Xiaomi trong phân khúc tầm trung. Với thiết kế hiện đại, hiệu suất ổn định và camera chất lượng, Redmi Note 10 là một lựa chọn hấp dẫn trong tầm giá, phục vụ tốt cho nhu cầu sử dụng hàng ngày như lướt web, xem phim, chơi game nhẹ và chụp ảnh.\r\n\r\n### **Đặc điểm nổi bật của Xiaomi Redmi Note 10**:\r\n\r\n1. **Thiết kế**:\r\n   - **Vỏ kim loại + kính**: Redmi Note 10 có thiết kế với mặt lưng kính sáng bóng và khung kim loại, mang đến cảm giác cao cấp và chắc chắn. Máy có độ mỏng vừa phải, dễ dàng cầm nắm và sử dụng bằng một tay.\r\n   - **Màn hình AMOLED**: Máy sở hữu màn hình AMOLED 6.43 inch với độ phân giải Full HD+ (1080 x 2400), mang đến chất lượng hình ảnh sắc nét, màu sắc sống động và độ tương phản cao, cho trải nghiệm giải trí tốt hơn.\r\n\r\n2. **Hiệu suất**:\r\n   - **Vi xử lý Qualcomm Snapdragon 678**: Redmi Note 10 trang bị vi xử lý Qualcomm Snapdragon 678, giúp máy hoạt động mượt mà với các tác vụ thông thường như lướt web, xem video, chơi game nhẹ và sử dụng các ứng dụng văn phòng.\r\n   - **RAM 4GB/6GB**: Máy có các phiên bản RAM 4GB hoặc 6GB, giúp bạn thực hiện đa nhiệm và chạy nhiều ứng dụng cùng lúc mà không gặp tình trạng giật lag.\r\n\r\n3. **Lưu trữ**:\r\n   - **Bộ nhớ trong 64GB/128GB**: Redmi Note 10 đi kèm với bộ nhớ trong 64GB hoặc 128GB, đủ không gian để lưu trữ ảnh, video, ứng dụng và các tài liệu. Ngoài ra, máy cũng hỗ trợ thẻ nhớ microSD, cho phép mở rộng dung lượng lưu trữ lên đến 512GB.\r\n\r\n4. **Camera**:\r\n   - **Camera chính 48MP**: Xiaomi Redmi Note 10 sở hữu camera chính 48MP với khẩu độ f/1.79, hỗ trợ chụp ảnh rõ nét, chi tiết trong điều kiện ánh sáng tốt. Máy cũng hỗ trợ chế độ chụp ảnh ban đêm, giúp tăng cường chất lượng hình ảnh khi chụp trong điều kiện thiếu sáng.\r\n   - **Camera siêu rộng 8MP**: Camera siêu rộng 8MP giúp bạn chụp được những bức ảnh với góc nhìn rộng hơn, lý tưởng cho các bức ảnh phong cảnh.\r\n   - **Camera macro 2MP và cảm biến độ sâu 2MP**: Bộ đôi camera macro và cảm biến độ sâu giúp bạn chụp các bức ảnh cận cảnh và chân dung với hiệu ứng xóa phông đẹp mắt.\r\n\r\n5. **Pin**:\r\n   - **Pin 48,000mAh**: Redmi Note 10 được trang bị viên pin 48,000mAh, giúp bạn sử dụng máy liên tục trong khoảng 1-1.5 ngày với các tác vụ thông thường. Đây là một trong những ưu điểm của máy, mang lại trải nghiệm dài lâu cho người dùng.\r\n   - **Sạc nhanh 33W**: Máy hỗ trợ sạc nhanh 33W, giúp bạn sạc đầy pin từ 0% lên 100% trong khoảng 1 giờ, tiết kiệm thời gian sạc.\r\n\r\n6. **Kết nối và tính năng**:\r\n   - **Kết nối 4G LTE**: Redmi Note 10 hỗ trợ kết nối 4G LTE, giúp bạn duy trì kết nối Internet nhanh chóng và ổn định khi sử dụng mạng di động.\r\n   - **Kết nối Bluetooth 5.0**: Hỗ trợ kết nối Bluetooth 5.0 cho việc kết nối với các thiết bị không dây như tai nghe, loa ngoài và phụ kiện khác.\r\n   - **Cảm biến vân tay bên cạnh**: Máy được trang bị cảm biến vân tay bên cạnh, giúp mở khóa thiết bị nhanh chóng và bảo mật.\r\n\r\n7. **Hệ điều hành**:\r\n   - **MIUI 12 trên Android 11**: Redmi Note 10 chạy trên hệ điều hành MIUI 12, dựa trên Android 11, mang đến giao diện người dùng thân thiện, dễ sử dụng và nhiều tính năng hữu ích.\r\n\r\n8. **Âm thanh**:\r\n   - **Loa stereo kép**: Xiaomi Redmi Note 10 có hệ thống loa stereo kép, mang đến âm thanh sống động và rõ ràng khi nghe nhạc, xem phim hoặc chơi game.\r\n\r\n### **Tổng kết**:\r\n**Xiaomi Redmi Note 10** là một chiếc điện thoại tầm trung với nhiều tính năng nổi bật như màn hình AMOLED sắc nét, hiệu suất ổn định, camera chất lượng, và thời lượng pin lâu dài. Với mức giá hợp lý, đây là một lựa chọn tuyệt vời cho những ai tìm kiếm một chiếc điện thoại mạnh mẽ, đa năng mà không cần phải chi quá nhiều tiền.', 1, '2024-11-24 08:54:51'),
(42, 'Mi Notebook', 4, 2, 699, 'xiaomi2.2.png', '**Xiaomi Mi Notebook** là dòng laptop của Xiaomi, được thiết kế với mục tiêu mang lại hiệu suất cao, thiết kế sang trọng và giá thành hợp lý. Đây là sự lựa chọn phổ biến đối với những người dùng cần một chiếc máy tính xách tay mạnh mẽ nhưng có giá cả phải chăng, đặc biệt trong các công việc văn phòng, học tập, và giải trí.\r\n\r\n### **Đặc điểm nổi bật của Xiaomi Mi Notebook**:\r\n\r\n1. **Thiết kế mỏng nhẹ, sang trọng**:\r\n   - **Vỏ kim loại**: Mi Notebook sở hữu vỏ ngoài làm từ kim loại nguyên khối, mang đến vẻ ngoài sang trọng và chắc chắn.\r\n   - **Màn hình mỏng viền siêu mỏng**: Màn hình của Mi Notebook có viền mỏng, giúp tối ưu hóa không gian hiển thị và mang lại trải nghiệm hình ảnh sống động.\r\n   - **Dễ dàng mang theo**: Với trọng lượng chỉ từ 1.3kg và độ dày mỏng (tùy từng phiên bản), Mi Notebook rất thuận tiện để mang đi làm, học hoặc di chuyển.\r\n\r\n2. **Màn hình sắc nét**:\r\n   - **Màn hình Full HD**: Mi Notebook trang bị màn hình Full HD với độ phân giải 1920 x 1080, cung cấp hình ảnh sắc nét, màu sắc sống động và góc nhìn rộng.\r\n   - **Màn hình 15.6 inch**: Kích thước màn hình 15.6 inch phù hợp cho công việc, học tập cũng như giải trí như xem phim và chơi game.\r\n\r\n3. **Hiệu suất mạnh mẽ**:\r\n   - **Vi xử lý Intel Core i5/i7 thế hệ mới**: Mi Notebook sử dụng các vi xử lý Intel Core i5 hoặc i7, giúp đáp ứng tốt các nhu cầu đa nhiệm, làm việc văn phòng, học tập và xử lý các ứng dụng yêu cầu phần cứng mạnh.\r\n   - **RAM 8GB/16GB và SSD 256GB/512GB**: Với bộ nhớ RAM lớn và ổ SSD tốc độ cao, Mi Notebook giúp người dùng làm việc mượt mà và khởi động máy cũng như các ứng dụng nhanh chóng.\r\n\r\n4. **Kết nối và cổng giao tiếp**:\r\n   - **Cổng USB-C**: Mi Notebook trang bị cổng USB-C, giúp kết nối nhanh chóng với các thiết bị ngoại vi và hỗ trợ sạc nhanh.\r\n   - **Cổng HDMI**: Hỗ trợ kết nối với màn hình ngoài hoặc projector, rất tiện lợi khi trình chiếu hoặc làm việc với không gian rộng hơn.\r\n   - **Wi-Fi 6 và Bluetooth 5.0**: Mi Notebook hỗ trợ kết nối Wi-Fi 6 tốc độ cao và Bluetooth 5.0 giúp kết nối ổn định và nhanh chóng với các thiết bị không dây.\r\n\r\n5. **Bàn phím và touchpad**:\r\n   - **Bàn phím đầy đủ và có đèn nền**: Bàn phím của Mi Notebook có kích thước đầy đủ, dễ gõ và hỗ trợ đèn nền, thuận tiện khi làm việc trong môi trường ánh sáng yếu.\r\n   - **Touchpad nhạy bén**: Touchpad của Mi Notebook được thiết kế nhạy bén, giúp thao tác dễ dàng và chính xác.\r\n\r\n6. **Pin lâu dài**:\r\n   - **Thời lượng pin**: Mi Notebook được trang bị pin có thể sử dụng lên đến 8-12 giờ tùy vào phiên bản và cách sử dụng, giúp bạn làm việc và giải trí suốt cả ngày mà không lo hết pin.\r\n\r\n7. **Hệ điều hành và phần mềm**:\r\n   - **Windows 10**: Mi Notebook cài sẵn Windows 10, hỗ trợ đầy đủ các ứng dụng văn phòng, học tập, giải trí và các phần mềm phổ biến khác.\r\n   - **Mi Smart App**: Xiaomi cũng cung cấp một số phần mềm hỗ trợ như Mi Smart App, giúp người dùng dễ dàng kết nối với các thiết bị Xiaomi khác.\r\n\r\n8. **Loa và âm thanh**:\r\n   - **Loa stereo**: Mi Notebook trang bị hệ thống loa stereo cho âm thanh rõ ràng và mạnh mẽ, rất thích hợp cho việc xem phim, nghe nhạc và gọi video.\r\n\r\n### **Tổng kết**:\r\n**Xiaomi Mi Notebook** là một lựa chọn tuyệt vời cho những ai tìm kiếm một chiếc laptop hiệu suất cao, thiết kế đẹp, nhưng có giá thành hợp lý. Với màn hình sắc nét, hiệu suất mạnh mẽ, và thời lượng pin lâu dài, Mi Notebook rất phù hợp cho công việc văn phòng, học tập, và giải trí hàng ngày. Các tính năng kết nối hiện đại cùng thiết kế sang trọng cũng giúp chiếc laptop này thu hút nhiều người dùng.', 0, '2024-11-24 09:13:30'),
(43, 'Mi Earbuds', 4, 3, 59, 'xixaomi3.3.png', '**Xiaomi Mi Earbuds** (hoặc Mi True Wireless Earbuds) là một dòng tai nghe không dây của Xiaomi, nổi bật với thiết kế gọn nhẹ, chất lượng âm thanh tốt và giá thành hợp lý. Đây là một trong những lựa chọn phổ biến trong phân khúc tai nghe không dây tầm trung nhờ vào các tính năng tiện ích và trải nghiệm người dùng thoải mái.\r\n\r\n### **Đặc điểm nổi bật của Xiaomi Mi Earbuds**:\r\n\r\n1. **Thiết kế gọn nhẹ và tiện lợi**:\r\n   - **Thiết kế in-ear**: Xiaomi Mi Earbuds có thiết kế nhét tai (in-ear) giúp cách ly tốt với môi trường xung quanh và mang lại trải nghiệm âm thanh trong trẻo.\r\n   - **Vỏ hộp sạc nhỏ gọn**: Hộp sạc của Mi Earbuds có kích thước nhỏ gọn, dễ dàng mang theo trong túi hoặc ba lô mà không chiếm nhiều không gian.\r\n\r\n2. **Chất lượng âm thanh**:\r\n   - **Âm thanh rõ ràng và mạnh mẽ**: Mi Earbuds cung cấp chất lượng âm thanh tốt với bass mạnh mẽ và treble rõ ràng, giúp trải nghiệm nghe nhạc, xem phim và gọi điện được cải thiện.\r\n   - **Công nghệ truyền âm thanh Bluetooth 5.0**: Với Bluetooth 5.0, Mi Earbuds có khả năng kết nối nhanh chóng và ổn định, giảm thiểu độ trễ trong quá trình sử dụng.\r\n\r\n3. **Khả năng chống ồn cơ bản**:\r\n   - **Cách ly âm thanh**: Mặc dù không có tính năng chống ồn chủ động (ANC), thiết kế in-ear giúp giảm thiểu tiếng ồn xung quanh và mang lại trải nghiệm nghe tốt hơn trong môi trường yên tĩnh.\r\n\r\n4. **Thời lượng pin ấn tượng**:\r\n   - **Pin tai nghe**: Mi Earbuds có thể sử dụng liên tục từ 4 đến 6 giờ khi được sạc đầy.\r\n   - **Hộp sạc**: Hộp sạc cung cấp thêm khoảng 3 lần sạc đầy, giúp tăng tổng thời gian sử dụng lên đến 12 giờ hoặc lâu hơn.\r\n   - **Sạc nhanh**: Tai nghe có tính năng sạc nhanh, chỉ cần vài phút sạc trong hộp sạc là có thể sử dụng thêm một thời gian ngắn.\r\n\r\n5. **Tính năng điều khiển thông minh**:\r\n   - **Cảm biến cảm ứng**: Mi Earbuds có thể điều khiển các tính năng như phát/dừng nhạc, nhận hoặc từ chối cuộc gọi, và chuyển bài hát chỉ bằng các thao tác chạm nhẹ vào bề mặt của tai nghe.\r\n   - **Tích hợp trợ lý ảo**: Hỗ trợ các trợ lý ảo như Google Assistant và Siri, cho phép người dùng thực hiện các lệnh thoại mà không cần phải lấy điện thoại ra.\r\n\r\n6. **Khả năng kết nối ổn định**:\r\n   - **Kết nối Bluetooth 5.0**: Bluetooth 5.0 giúp kết nối nhanh chóng và ổn định với các thiết bị di động, máy tính bảng và laptop mà không gặp phải sự cố gián đoạn.\r\n\r\n7. **Chống mồ hôi và nước**:\r\n   - **Chống nước chuẩn IPX4**: Xiaomi Mi Earbuds có khả năng chống nước chuẩn **IPX4**, giúp bảo vệ tai nghe khỏi mồ hôi và nước khi luyện tập thể thao hoặc sử dụng ngoài trời.\r\n\r\n8. **Tính năng tự động kết nối**:\r\n   - Khi mở hộp sạc, tai nghe sẽ tự động kết nối với thiết bị đã được ghép đôi trước đó, giúp tiết kiệm thời gian và mang lại sự tiện lợi.\r\n\r\n### **Tổng kết**:\r\n**Xiaomi Mi Earbuds** là một lựa chọn tuyệt vời cho những ai tìm kiếm tai nghe không dây giá phải chăng với chất lượng âm thanh tốt, thiết kế gọn nhẹ và thời lượng pin ấn tượng. Mặc dù không có tính năng chống ồn chủ động, nhưng với khả năng cách ly âm thanh tốt và kết nối ổn định, Mi Earbuds vẫn là một sản phẩm đáng cân nhắc cho những ai muốn trải nghiệm tai nghe không dây mà không phải bỏ ra quá nhiều chi phí.', 1, '2024-11-24 09:30:58'),
(44, 'Mi Tablet', 4, 4, 399, 'xiaomi4.4.png', '**Xiaomi Mi Tablet** là dòng máy tính bảng của Xiaomi, được thiết kế để đáp ứng nhu cầu sử dụng đa dạng từ học tập, làm việc đến giải trí. Với cấu hình mạnh mẽ, màn hình sắc nét và giá thành hợp lý, Xiaomi Mi Tablet là một lựa chọn phổ biến trong phân khúc máy tính bảng tầm trung.\r\n\r\n### **Đặc điểm nổi bật của Xiaomi Mi Tablet**:\r\n\r\n1. **Thiết kế mỏng nhẹ và tinh tế**:\r\n   - **Vỏ kim loại nguyên khối**: Xiaomi Mi Tablet có thiết kế với vỏ kim loại nguyên khối, mang lại cảm giác cầm nắm chắc chắn và sang trọng.\r\n   - **Kích thước gọn gàng**: Máy tính bảng có kích thước nhỏ gọn và trọng lượng nhẹ, dễ dàng mang theo khi di chuyển.\r\n\r\n2. **Màn hình sắc nét**:\r\n   - **Màn hình LCD 10.1 inch**: Xiaomi Mi Tablet được trang bị màn hình LCD 10.1 inch với độ phân giải Full HD (1920 x 1200), mang lại hình ảnh rõ ràng, sắc nét và màu sắc sống động.\r\n   - **Chế độ bảo vệ mắt**: Màn hình của Mi Tablet có chế độ bảo vệ mắt, giúp giảm bớt căng thẳng cho mắt khi sử dụng trong thời gian dài.\r\n\r\n3. **Hiệu suất mạnh mẽ**:\r\n   - **Chipset Qualcomm Snapdragon**: Xiaomi Mi Tablet sử dụng chipset Qualcomm Snapdragon, giúp máy chạy mượt mà, xử lý tốt các tác vụ như lướt web, chơi game nhẹ và xem video.\r\n   - **RAM 4GB hoặc 6GB**: Với bộ nhớ RAM từ 4GB đến 6GB, Mi Tablet có thể chạy đa nhiệm tốt, cho phép người dùng mở nhiều ứng dụng cùng lúc mà không gặp phải tình trạng giật lag.\r\n\r\n4. **Hệ điều hành MIUI for Pad**:\r\n   - **MIUI for Pad**: Mi Tablet sử dụng hệ điều hành MIUI for Pad, phiên bản tối ưu hóa cho máy tính bảng. Hệ điều hành này mang lại trải nghiệm người dùng mượt mà và nhiều tính năng tiện ích như chia đôi màn hình, hỗ trợ đa nhiệm, và ứng dụng đặc biệt cho máy tính bảng.\r\n\r\n5. **Camera và âm thanh**:\r\n   - **Camera chính 8MP**: Mi Tablet được trang bị camera chính 8MP, cho phép người dùng chụp ảnh và quay video với chất lượng khá tốt trong điều kiện ánh sáng đầy đủ.\r\n   - **Camera phụ 5MP**: Camera trước 5MP hỗ trợ cuộc gọi video với chất lượng hình ảnh rõ ràng.\r\n   - **Âm thanh stereo**: Mi Tablet có hệ thống loa stereo kép, mang đến âm thanh sống động và rõ ràng khi xem phim, nghe nhạc hoặc chơi game.\r\n\r\n6. **Pin dung lượng lớn**:\r\n   - **Pin 8000mAh**: Xiaomi Mi Tablet sở hữu pin dung lượng lớn 8000mAh, cho phép sử dụng liên tục trong nhiều giờ. Đây là một trong những điểm mạnh của Mi Tablet, giúp bạn sử dụng máy cho các công việc học tập, giải trí mà không lo hết pin quá nhanh.\r\n   - **Sạc nhanh 18W**: Mi Tablet hỗ trợ sạc nhanh 18W, giúp bạn sạc đầy pin nhanh chóng và tiết kiệm thời gian.\r\n\r\n7. **Kết nối và tính năng bổ sung**:\r\n   - **Kết nối Wi-Fi**: Mi Tablet hỗ trợ kết nối Wi-Fi giúp người dùng dễ dàng lướt web, xem video trực tuyến hoặc làm việc từ xa.\r\n   - **Hỗ trợ bút stylus**: Xiaomi Mi Tablet hỗ trợ bút stylus, rất hữu ích cho việc vẽ, ghi chú, hay sáng tạo nội dung.\r\n   - **Khả năng kết nối Bluetooth**: Máy hỗ trợ kết nối Bluetooth để kết nối với tai nghe, loa ngoài hoặc các phụ kiện khác.\r\n\r\n### **Tổng kết**:\r\n**Xiaomi Mi Tablet** là một lựa chọn tuyệt vời trong phân khúc máy tính bảng tầm trung, với màn hình sắc nét, hiệu suất mạnh mẽ, và nhiều tính năng hữu ích. Thiết kế mỏng nhẹ, cấu hình ổn định với bộ xử lý Qualcomm Snapdragon và RAM 4GB/6GB giúp máy hoạt động mượt mà trong nhiều tình huống. Với thời lượng pin dài và sạc nhanh, Mi Tablet là công cụ lý tưởng cho học tập, làm việc, và giải trí hàng ngày.', 1, '2024-11-24 10:08:28'),
(45, 'Xiaomi Band', 4, 5, 49, 'xiaomi5.5.png', '**Xiaomi Band** (hay còn gọi là Mi Band) là một dòng thiết bị đeo tay thông minh (fitness tracker) của Xiaomi, nổi bật với thiết kế đơn giản, giá cả phải chăng và các tính năng theo dõi sức khỏe đầy đủ. Dòng sản phẩm này đã thu hút người dùng toàn cầu nhờ vào sự kết hợp giữa tính năng, thiết kế tiện lợi và mức giá hợp lý.\r\n\r\n### **Đặc điểm nổi bật của Xiaomi Band**:\r\n\r\n1. **Thiết kế mỏng nhẹ và dễ sử dụng**:\r\n   - **Màn hình AMOLED**: Các phiên bản mới của Xiaomi Band đều được trang bị màn hình AMOLED, giúp hiển thị rõ ràng và sắc nét ngay cả dưới ánh sáng mặt trời trực tiếp.\r\n   - **Chất liệu cao cấp**: Dây đeo được làm từ silicone mềm mại, thoải mái khi đeo lâu dài và có thể thay đổi dễ dàng tùy theo sở thích.\r\n\r\n2. **Chức năng theo dõi sức khỏe**:\r\n   - **Đo nhịp tim 24/7**: Xiaomi Band liên tục theo dõi nhịp tim của người dùng và cung cấp thông tin chi tiết về sức khỏe tim mạch.\r\n   - **Theo dõi giấc ngủ**: Tính năng theo dõi giấc ngủ giúp người dùng đánh giá chất lượng giấc ngủ, từ đó cải thiện thói quen ngủ để có sức khỏe tốt hơn.\r\n   - **Theo dõi hoạt động thể thao**: Mi Band hỗ trợ nhiều chế độ thể thao như chạy, đạp xe, đi bộ, yoga, và bơi lội. Các thông số như quãng đường, bước đi, calo tiêu thụ và nhịp tim được ghi lại trong từng chế độ thể thao.\r\n   - **Chống nước**: Xiaomi Band có khả năng chống nước đạt tiêu chuẩn **5ATM**, cho phép người dùng đeo khi đi bơi hoặc tiếp xúc với nước mà không lo bị hư hỏng.\r\n\r\n3. **Tính năng thông minh**:\r\n   - **Thông báo thông minh**: Khi kết nối với điện thoại qua Bluetooth, Xiaomi Band có thể nhận thông báo cuộc gọi, tin nhắn, email và các ứng dụng khác trực tiếp trên màn hình.\r\n   - **Điều khiển nhạc**: Người dùng có thể điều khiển nhạc trên điện thoại trực tiếp từ Xiaomi Band, giúp thuận tiện khi tập luyện hoặc di chuyển.\r\n   - **Tìm điện thoại**: Tính năng giúp người dùng tìm lại điện thoại của mình bằng cách phát ra âm thanh báo động từ điện thoại.\r\n\r\n4. **Thời lượng pin ấn tượng**:\r\n   - **Pin lâu dài**: Xiaomi Band có thể sử dụng liên tục từ 14 ngày đến 20 ngày tùy thuộc vào phiên bản và cách sử dụng, nhờ vào pin dung lượng lớn và tối ưu hóa hiệu suất năng lượng.\r\n   - **Sạc nhanh**: Việc sạc cũng rất tiện lợi và nhanh chóng, giúp tiết kiệm thời gian.\r\n\r\n5. **Ứng dụng Mi Fit**:\r\n   - Xiaomi Band sử dụng ứng dụng **Mi Fit** (hoặc **Zepp Life** trong một số phiên bản) để đồng bộ dữ liệu với điện thoại. Ứng dụng này cung cấp cái nhìn tổng thể về các hoạt động thể thao, giấc ngủ, nhịp tim, và các thông số sức khỏe khác.\r\n\r\n6. **Cập nhật liên tục**:\r\n   - Xiaomi thường xuyên phát hành các bản cập nhật phần mềm để cải thiện trải nghiệm người dùng, bổ sung các tính năng mới và cải tiến hiệu suất của thiết bị.\r\n\r\n### **Tổng kết**:\r\n**Xiaomi Band** là một lựa chọn lý tưởng cho những ai muốn theo dõi sức khỏe và các hoạt động thể thao mà không cần chi tiêu quá nhiều. Với thiết kế nhẹ nhàng, nhiều tính năng thông minh và khả năng theo dõi sức khỏe toàn diện, nó cung cấp giá trị vượt trội trong phân khúc fitness tracker giá rẻ.', 0, '2024-11-24 10:28:08'),
(46, 'Sony Xperia 1 III', 5, 1, 1099, 'sony1.2.png\r\n', '**Sony Xperia 1 III** là một smartphone cao cấp của Sony, được thiết kế để mang đến trải nghiệm giải trí tuyệt vời với màn hình 4K OLED, hiệu năng mạnh mẽ, và khả năng chụp ảnh vượt trội. Đây là một sản phẩm đặc biệt dành cho những người yêu thích công nghệ, đặc biệt là những ai cần một chiếc điện thoại với khả năng xử lý hình ảnh và video chuyên nghiệp.\r\n\r\n### **Đặc điểm nổi bật của Sony Xperia 1 III**:\r\n\r\n1. **Màn hình 4K OLED**:\r\n   - **Màn hình 6.5 inch 21:9 CinemaWide**: Xperia 1 III sở hữu màn hình OLED 4K HDR với tỷ lệ khung hình 21:9, mang lại trải nghiệm hình ảnh cực kỳ sắc nét và chân thực. Màn hình này rất phù hợp cho việc xem phim, chơi game và chỉnh sửa hình ảnh.\r\n   - **Tính năng HDR và DCI-P3**: Màn hình hỗ trợ chuẩn màu DCI-P3 và HDR, giúp hiển thị màu sắc chính xác và tươi sáng hơn, đặc biệt khi xem các nội dung hỗ trợ HDR.\r\n\r\n2. **Hiệu suất mạnh mẽ**:\r\n   - **Chip Snapdragon 888**: Xperia 1 III được trang bị vi xử lý **Qualcomm Snapdragon 888** mạnh mẽ, kết hợp với **RAM 12GB** và **bộ nhớ trong 256GB hoặc 512GB**, mang lại hiệu suất mượt mà trong mọi tác vụ, từ chơi game đến làm việc với các ứng dụng yêu cầu tài nguyên cao.\r\n   - **5G**: Máy hỗ trợ kết nối 5G, mang đến tốc độ internet nhanh chóng, đặc biệt hữu ích khi stream video 4K hoặc tải ứng dụng lớn.\r\n\r\n3. **Máy ảnh ấn tượng**:\r\n   - **Ba camera phía sau**: Xperia 1 III có hệ thống 3 camera sau gồm:\r\n     - **Camera chính 12MP** với khẩu độ f/1.7.\r\n     - **Camera telephoto 12MP** với zoom quang học 2.9x và khẩu độ f/2.3.\r\n     - **Camera góc rộng 12MP** với khẩu độ f/2.2.\r\n   - **Chế độ chụp ảnh chuyên nghiệp**: Xperia 1 III trang bị tính năng **Real-time Eye Autofocus**, giúp lấy nét chính xác mắt đối tượng, và chế độ **Burst Shooting** để chụp những bức ảnh tốc độ cao mà không bị mờ. Máy còn hỗ trợ quay video 4K 120fps, lý tưởng cho việc quay video chất lượng cao.\r\n   \r\n4. **Âm thanh vượt trội**:\r\n   - **Loa stereo và hỗ trợ âm thanh Hi-Res Audio**: Xperia 1 III trang bị loa stereo, hỗ trợ âm thanh Hi-Res Audio và LDAC, giúp tái tạo âm thanh chất lượng cao với độ chi tiết tốt.\r\n   - **3.5mm headphone jack**: Máy vẫn giữ lại jack tai nghe 3.5mm, thuận tiện cho những ai yêu thích nghe nhạc qua tai nghe có dây.\r\n\r\n5. **Pin và sạc nhanh**:\r\n   - **Pin 4500mAh**: Xperia 1 III được trang bị pin dung lượng 4500mAh, đủ để sử dụng cả ngày dài với mức độ sử dụng trung bình.\r\n   - **Sạc nhanh 30W**: Máy hỗ trợ sạc nhanh, giúp bạn sạc đầy pin trong thời gian ngắn.\r\n\r\n6. **Thiết kế và tính năng khác**:\r\n   - **Khả năng chống nước và bụi (IP68)**: Xperia 1 III có chứng nhận **IP68**, giúp bảo vệ máy khỏi bụi và nước, phù hợp cho việc sử dụng ngoài trời hoặc trong môi trường khắc nghiệt.\r\n   - **Cảm biến vân tay bên hông**: Xperia 1 III tích hợp cảm biến vân tay ở cạnh bên, mang lại khả năng mở khóa nhanh chóng và bảo mật.\r\n   - **Android 11**: Máy chạy hệ điều hành Android 11 với giao diện gần như gốc, giúp mang đến trải nghiệm mượt mà và dễ sử dụng.\r\n\r\n### **Tổng kết**:\r\n**Sony Xperia 1 III** là một chiếc smartphone cao cấp dành cho những người yêu thích công nghệ với màn hình 4K OLED, hiệu suất mạnh mẽ, khả năng chụp ảnh chuyên nghiệp và âm thanh Hi-Res Audio tuyệt vời. Đây là một sự lựa chọn lý tưởng cho những ai muốn có một chiếc điện thoại không chỉ phục vụ nhu cầu sử dụng hàng ngày mà còn phục vụ cho công việc sáng tạo, giải trí và chơi game.', 1, '2024-11-24 08:55:28'),
(47, 'Sony Laptop', 5, 2, 999, 'sony2.2.png', '**Sony Laptop** là một dòng máy tính xách tay mà trước đây Sony sản xuất dưới thương hiệu **VAIO**. VAIO (Video Audio Integrated Operation) là một trong những dòng laptop nổi bật của Sony, nổi tiếng với thiết kế tinh tế, chất lượng xây dựng cao và hiệu suất mạnh mẽ. Tuy nhiên, vào năm 2014, Sony đã bán lại thương hiệu VAIO cho một công ty Nhật Bản, và VAIO hiện nay không còn thuộc sở hữu của Sony.\r\n\r\n### **Lịch sử và thương hiệu VAIO**:\r\n- VAIO được ra mắt lần đầu tiên vào năm 1996 và nhanh chóng trở thành một trong những thương hiệu laptop cao cấp nổi bật, đặc biệt là trong các dòng máy dành cho người dùng doanh nghiệp, học sinh, sinh viên và những người đam mê công nghệ.\r\n- Các sản phẩm VAIO của Sony nổi bật với thiết kế sang trọng, chất liệu kim loại cao cấp và màn hình có độ phân giải cao.\r\n- VAIO cũng được biết đến với các dòng laptop mỏng nhẹ và dễ dàng di chuyển, đặc biệt là các model như VAIO Z series và VAIO S series.\r\n  \r\n### **Đặc điểm nổi bật của Sony VAIO (trước 2014):**\r\n1. **Thiết kế và chất lượng xây dựng**:\r\n   - Các laptop VAIO nổi bật với thiết kế đẹp mắt, sử dụng chất liệu kim loại và nhựa cao cấp. Thường có thiết kế mỏng nhẹ và phong cách, dễ dàng thu hút sự chú ý của người dùng.\r\n   - Đặc biệt, dòng VAIO Z Series được biết đến với độ mỏng ấn tượng và khả năng mở rộng của các tính năng phần cứng mạnh mẽ.\r\n\r\n2. **Hiệu suất**:\r\n   - VAIO luôn sử dụng các linh kiện và phần cứng chất lượng cao như vi xử lý Intel Core i5, i7, i9, cùng với card đồ họa mạnh mẽ cho hiệu suất ổn định trong công việc văn phòng, giải trí, và đồ họa.\r\n   - Các model VAIO cao cấp còn được trang bị ổ SSD tốc độ cao, giúp khởi động máy nhanh chóng và lưu trữ dữ liệu hiệu quả.\r\n\r\n3. **Màn hình và Âm thanh**:\r\n   - VAIO sử dụng các màn hình có độ phân giải cao, từ Full HD đến 4K trên các dòng máy cao cấp, mang lại trải nghiệm xem sắc nét, sống động.\r\n   - Hệ thống âm thanh thường được tinh chỉnh với công nghệ Dolby, mang đến âm thanh sống động và rõ ràng.\r\n\r\n4. **Thời lượng pin**:\r\n   - Các dòng VAIO nổi bật với thời gian sử dụng pin dài, đặc biệt là các model mỏng nhẹ, giúp người dùng có thể làm việc hoặc giải trí cả ngày mà không lo hết pin.\r\n\r\n5. **Tính năng và cổng kết nối**:\r\n   - VAIO hỗ trợ nhiều cổng kết nối hiện đại như USB Type-C, HDMI, và các cổng USB 3.0, giúp người dùng dễ dàng kết nối với các thiết bị ngoại vi và truyền tải dữ liệu nhanh chóng.\r\n   - Hệ điều hành Windows của VAIO được cài sẵn với các tính năng hữu ích như hỗ trợ cảm ứng đa điểm và tính năng bảo mật vân tay.\r\n\r\n### **Dòng sản phẩm VAIO hiện nay:**\r\nSau khi Sony bán lại thương hiệu VAIO, công ty VAIO Corporation tiếp tục phát triển các dòng laptop dưới tên gọi VAIO, nhưng không còn là sản phẩm trực tiếp của Sony. Các sản phẩm VAIO hiện nay vẫn duy trì đặc trưng về thiết kế và hiệu suất, bao gồm:\r\n- **VAIO SX14**: Laptop siêu mỏng, nhẹ, nhưng vẫn mạnh mẽ với các tính năng bảo mật cao, thiết kế sang trọng, phù hợp cho các chuyên gia.\r\n- **VAIO Z**: Dòng laptop cao cấp, nhẹ và mạnh mẽ với chất liệu cấu trúc carbon, lý tưởng cho những người cần một chiếc máy tính xách tay di động với hiệu suất mạnh mẽ.\r\n- **VAIO SE14**: Laptop văn phòng với giá phải chăng nhưng vẫn cung cấp hiệu suất tốt và thời gian sử dụng pin dài.\r\n\r\n### **Tổng kết**:\r\nMặc dù Sony không còn sản xuất laptop trực tiếp dưới thương hiệu của mình, nhưng sản phẩm VAIO vẫn tiếp tục sống sót và phát triển nhờ vào thiết kế đẹp, chất lượng xây dựng cao và hiệu suất mạnh mẽ. Các dòng VAIO hiện nay vẫn được ưa chuộng nhờ vào sự kết hợp giữa tính di động và hiệu suất cao, thích hợp cho người dùng doanh nghiệp và những người yêu thích thiết kế sang trọng.', 0, '2024-11-24 09:13:52'),
(48, 'Sony Earbuds', 5, 3, 149, 'sony3.3.png', '**Sony Earbuds** là dòng tai nghe không dây của Sony, nổi bật với chất lượng âm thanh xuất sắc, thiết kế gọn nhẹ và nhiều tính năng thông minh. Các sản phẩm này thích hợp cho nhiều đối tượng người dùng, từ những người yêu thích âm nhạc đến những người cần tai nghe để nghe gọi hoặc làm việc. Sony luôn chú trọng đến chất lượng âm thanh và sự tiện dụng trong các dòng tai nghe không dây của mình.\r\n\r\n### **Thiết kế:**\r\nSony Earbuds có thiết kế nhỏ gọn, nhẹ nhàng, giúp người dùng dễ dàng đeo trong thời gian dài mà không cảm thấy khó chịu. Các model cao cấp như Sony WF-1000XM5 hoặc Sony WF-SP800N được thiết kế với các nút tai ergonomically, phù hợp với nhiều kiểu tai khác nhau để đảm bảo vừa vặn và thoải mái.\r\n\r\nChất liệu của tai nghe thường là nhựa cao cấp với lớp hoàn thiện mượt mà, tạo cảm giác sang trọng. Sony cũng cung cấp nhiều màu sắc khác nhau cho người dùng lựa chọn, tùy thuộc vào sở thích cá nhân.\r\n\r\n### **Chất lượng âm thanh:**\r\nSony Earbuds nổi bật với khả năng tái tạo âm thanh chi tiết và rõ ràng. Các dòng tai nghe như **WF-1000XM5** sử dụng các công nghệ âm thanh tiên tiến, mang lại trải nghiệm nghe nhạc phong phú và sâu sắc.\r\n- **Hi-Resolution Audio**: Một số mẫu tai nghe của Sony hỗ trợ âm thanh độ phân giải cao (Hi-Res Audio), mang lại chất lượng âm thanh vượt trội, phù hợp với các tín đồ âm nhạc chất lượng cao.\r\n- **DSEE Extreme**: Công nghệ Digital Sound Enhancement Engine (DSEE Extreme) giúp phục hồi chi tiết âm thanh bị mất trong quá trình nén file, cải thiện chất lượng âm thanh khi nghe nhạc trực tuyến hoặc qua các dịch vụ stream.\r\n- **Bass mạnh mẽ**: Với các driver lớn và công nghệ âm thanh tiên tiến, các tai nghe của Sony mang lại âm bass mạnh mẽ và rõ ràng, rất phù hợp cho những ai yêu thích thể loại nhạc có âm trầm nổi bật.\r\n\r\n### **Khử tiếng ồn (Noise Cancelling):**\r\nMột trong những điểm mạnh của Sony Earbuds là tính năng **Khử tiếng ồn chủ động (Active Noise Cancellation - ANC)**, đặc biệt trong các dòng tai nghe cao cấp như **WF-1000XM4** và **WF-1000XM5**. Công nghệ này giúp loại bỏ tiếng ồn từ môi trường xung quanh, mang lại trải nghiệm nghe nhạc hoặc đàm thoại rõ ràng hơn ngay cả trong các không gian ồn ào.\r\n- **Adaptive Sound Control**: Tính năng này tự động điều chỉnh mức độ khử tiếng ồn dựa trên hoạt động của người dùng (ví dụ: khi bạn đi bộ, ngồi yên, hay di chuyển trong phương tiện công cộng), giúp cải thiện khả năng khử tiếng ồn trong mọi tình huống.\r\n\r\n### **Kết nối và Tính năng:**\r\n- **Bluetooth 5.2**: Sony Earbuds sử dụng công nghệ Bluetooth 5.2, giúp kết nối ổn định và nhanh chóng với các thiết bị di động như điện thoại, máy tính bảng, hoặc máy tính. Khoảng cách kết nối có thể lên đến 10m mà không bị gián đoạn.\r\n- **LDAC (High-Resolution Audio Wireless)**: Công nghệ LDAC của Sony cho phép truyền tải âm thanh độ phân giải cao qua Bluetooth, mang lại chất lượng âm thanh vượt trội so với các kết nối Bluetooth thông thường.\r\n- **Google Assistant và Alexa**: Một số mẫu tai nghe của Sony hỗ trợ trợ lý ảo như Google Assistant hoặc Amazon Alexa, cho phép người dùng điều khiển nhạc, nhận thông báo, hoặc thậm chí kiểm tra thời tiết mà không cần phải chạm vào điện thoại.\r\n  \r\n### **Thời gian sử dụng và Sạc:**\r\n- **Pin lâu dài**: Sony Earbuds cung cấp thời gian sử dụng ấn tượng, với các dòng cao cấp như **WF-1000XM5** có thể nghe nhạc liên tục từ 8 đến 12 giờ sau mỗi lần sạc. Nếu sử dụng kèm với hộp sạc, thời gian sử dụng tổng thể có thể lên đến 24 giờ hoặc hơn.\r\n- **Sạc nhanh**: Công nghệ sạc nhanh giúp bạn chỉ cần 10-15 phút sạc để có thể sử dụng tai nghe trong 1-2 giờ. Hộp sạc của Sony thường hỗ trợ sạc không dây qua chuẩn Qi, mang đến sự tiện lợi trong việc sạc thiết bị.\r\n\r\n### **Khả năng chống nước:**\r\nSony Earbuds đạt chuẩn chống nước **IPX4**, giúp bảo vệ tai nghe khỏi mồ hôi và nước bắn vào, phù hợp với các hoạt động thể thao hoặc sử dụng ngoài trời trong điều kiện thời tiết ẩm ướt.\r\n\r\n### **Các dòng sản phẩm nổi bật:**\r\n- **Sony WF-1000XM5**: Dòng tai nghe cao cấp nhất của Sony với khả năng khử tiếng ồn cực tốt, chất lượng âm thanh tuyệt vời, và thời gian sử dụng dài.\r\n- **Sony WF-1000XM4**: Được trang bị nhiều tính năng tương tự như WF-1000XM5 nhưng có giá mềm hơn. Hỗ trợ khử tiếng ồn, âm thanh rõ ràng và chi tiết, thích hợp cho người dùng đòi hỏi trải nghiệm âm thanh cao cấp.\r\n- **Sony WF-SP800N**: Tai nghe thể thao của Sony, có khả năng khử tiếng ồn, chống nước, và thiết kế chắc chắn, phù hợp cho việc tập luyện thể thao và sử dụng trong môi trường năng động.\r\n- **Sony WF-XB700**: Một lựa chọn giá cả phải chăng với âm bass mạnh mẽ, chống nước, và chất lượng âm thanh ổn định, phù hợp cho những ai yêu thích thể thao và âm nhạc sôi động.\r\n\r\n### **Giá tham khảo:**\r\nGiá của Sony Earbuds dao động từ khoảng 1,500,000 VNĐ đến 6,000,000 VNĐ tùy vào dòng sản phẩm và tính năng. Các model cao cấp như **WF-1000XM5** sẽ có giá cao hơn, trong khi các dòng như **WF-XB700** có mức giá phải chăng hơn.', 1, '2024-11-24 09:31:25'),
(49, 'Sony Tablet 2', 5, 4, 449, 'sony4.4.png', '**Sony Tablet 2** là mẫu máy tính bảng Android do Sony sản xuất, được ra mắt vào năm 2013. Đây là phiên bản kế nhiệm của **Sony Tablet S**, mang lại nhiều cải tiến về thiết kế và hiệu suất. Với những tính năng giải trí mạnh mẽ và thiết kế tiện dụng, Sony Tablet 2 đã thu hút sự chú ý của nhiều người dùng yêu thích thiết bị di động có thể làm việc và giải trí hiệu quả.\r\n\r\n### **Đặc điểm nổi bật của Sony Tablet 2**:\r\n\r\n1. **Thiết kế và Màn hình**:\r\n   - **Màn hình 10.1 inch**: Sony Tablet 2 sở hữu màn hình cảm ứng LCD rộng 10.1 inch, độ phân giải 1280 x 800 pixel. Màn hình này cung cấp hình ảnh sắc nét và chất lượng màu khá tốt, phù hợp cho việc xem phim, duyệt web và chơi game.\r\n   - **Thiết kế mỏng và nhẹ**: Máy tính bảng này có thiết kế mỏng nhẹ với độ dày chỉ 9.5mm và trọng lượng khoảng 600g, rất dễ dàng cầm nắm và di chuyển.\r\n   - **Vỏ nhựa cao cấp**: Mặt sau của Sony Tablet 2 được làm từ chất liệu nhựa cao cấp, với kết cấu mềm mại và bền bỉ. Nó mang lại cảm giác cầm nắm thoải mái và chống trầy xước.\r\n\r\n2. **Hiệu suất và Phần cứng**:\r\n   - **Vi xử lý Intel Atom Z2760**: Sony Tablet 2 được trang bị bộ vi xử lý **Intel Atom Z2760** 1.8 GHz, mang lại hiệu suất ổn định cho các tác vụ cơ bản như duyệt web, xem video và sử dụng các ứng dụng Android.\r\n   - **RAM 2GB**: Máy có bộ nhớ RAM 2GB, đủ để xử lý đa nhiệm và chạy các ứng dụng cùng lúc một cách mượt mà.\r\n   - **Bộ nhớ trong 16GB hoặc 32GB**: Người dùng có thể chọn lựa phiên bản với bộ nhớ trong 16GB hoặc 32GB, với khả năng mở rộng qua thẻ microSD lên đến 64GB, giúp lưu trữ nhiều dữ liệu và ứng dụng hơn.\r\n\r\n3. **Hệ điều hành và Phần mềm**:\r\n   - **Android 4.0 Ice Cream Sandwich**: Sony Tablet 2 sử dụng hệ điều hành **Android 4.0 Ice Cream Sandwich**, cung cấp giao diện người dùng đơn giản và dễ sử dụng, cùng với khả năng truy cập vào Google Play Store để tải ứng dụng.\r\n   - **Giao diện Xperia UI**: Máy tích hợp giao diện **Xperia UI**, giúp mang đến trải nghiệm mượt mà và nhiều tính năng tùy chỉnh, tối ưu hóa các ứng dụng và tiện ích của Sony.\r\n\r\n4. **Kết nối và Tính năng thông minh**:\r\n   - **Wi-Fi và Bluetooth**: Sony Tablet 2 hỗ trợ kết nối Wi-Fi chuẩn 802.11b/g/n và Bluetooth 4.0, giúp người dùng dễ dàng kết nối với các thiết bị khác như tai nghe, bàn phím hoặc máy in.\r\n   - **Cổng USB và HDMI**: Máy hỗ trợ cổng micro-USB và micro-HDMI, cho phép kết nối với các thiết bị ngoại vi và xuất hình ảnh ra màn hình TV hoặc máy chiếu.\r\n   - **Camera**: Máy trang bị camera phía trước với độ phân giải 1MP và camera sau 8MP, giúp người dùng chụp ảnh và quay video trong các điều kiện ánh sáng tốt.\r\n\r\n5. **Thời gian sử dụng pin**:\r\n   - **Pin 6000 mAh**: Sony Tablet 2 được trang bị pin 6000 mAh, cho phép người dùng sử dụng liên tục trong khoảng 8-10 giờ với các tác vụ cơ bản như duyệt web và xem video, giúp máy trở thành lựa chọn lý tưởng cho việc di chuyển hoặc công tác dài ngày.\r\n\r\n6. **Chống nước và bụi**:\r\n   - **Khả năng chống bụi và nước**: Một trong những tính năng nổi bật của Sony Tablet 2 là khả năng chống nước và bụi đạt chuẩn **IP55**, giúp người dùng sử dụng máy trong môi trường khắc nghiệt mà không lo hư hỏng.\r\n\r\n### **Các tính năng giải trí**:\r\n- **Sony Entertainment Network**: Với sự tích hợp của **Sony Entertainment Network**, người dùng có thể truy cập vào các dịch vụ âm nhạc, video và trò chơi của Sony ngay trên máy tính bảng.\r\n- **Âm thanh chất lượng**: Máy cũng hỗ trợ công nghệ âm thanh **ClearAudio+**, mang đến âm thanh rõ ràng và sống động khi nghe nhạc, xem video hoặc chơi game.\r\n\r\n### **Tổng kết**:\r\nSony Tablet 2 là một chiếc máy tính bảng Android với thiết kế mỏng nhẹ, màn hình sắc nét và hiệu suất ổn định, phù hợp cho những người yêu thích giải trí và làm việc di động. Các tính năng như khả năng chống nước, kết nối Bluetooth, cùng với hiệu suất và pin lâu dài, giúp Sony Tablet 2 trở thành một lựa chọn đáng chú ý trong phân khúc máy tính bảng Android tầm trung. Tuy nhiên, do là sản phẩm ra mắt đã lâu, Sony Tablet 2 hiện nay không còn được sản xuất và bán rộng rãi, nhưng vẫn là một lựa chọn tốt trên thị trường máy tính bảng cũ.', 1, '2024-11-24 10:08:58'),
(50, 'Sony Band', 5, 5, 199, 'sony5.5.png', '**Sony Band** là một dòng sản phẩm thiết bị đeo tay thông minh (smartband) của Sony, được thiết kế để giúp người dùng theo dõi sức khỏe, thể thao và các hoạt động hàng ngày. Các sản phẩm Sony Band không chỉ cung cấp các tính năng cơ bản như đo nhịp tim, bước đi, và giấc ngủ, mà còn tích hợp nhiều công nghệ thông minh khác, giúp người dùng cải thiện chất lượng cuộc sống và chăm sóc sức khỏe.\r\n\r\n### **Đặc điểm và tính năng của Sony Band**:\r\n\r\n1. **Thiết kế và Đặc điểm vật lý**:\r\n   - Sony Band thường có thiết kế nhỏ gọn, nhẹ nhàng, với dây đeo được làm từ chất liệu silicon hoặc cao su mềm mại, thoải mái khi đeo lâu dài.\r\n   - Các thiết bị này thường có màn hình OLED hoặc LCD nhỏ, hiển thị thông tin như thời gian, số bước đi, nhịp tim và thông báo từ điện thoại.\r\n\r\n2. **Theo dõi sức khỏe và thể dục**:\r\n   - **Đo bước đi và calo**: Sony Band giúp người dùng theo dõi số bước đi trong ngày, tính toán lượng calo đã đốt cháy và khuyến khích người dùng duy trì hoạt động thể dục hàng ngày.\r\n   - **Đo nhịp tim**: Một số model Sony Band có cảm biến đo nhịp tim, giúp theo dõi tình trạng sức khỏe của người dùng trong suốt quá trình hoạt động.\r\n   - **Theo dõi giấc ngủ**: Tính năng theo dõi giấc ngủ giúp người dùng biết được thời gian ngủ sâu, ngủ nhẹ và chất lượng giấc ngủ của mình.\r\n\r\n3. **Kết nối và Tính năng thông minh**:\r\n   - **Thông báo thông minh**: Sony Band có thể kết nối với điện thoại thông qua Bluetooth để nhận thông báo từ các ứng dụng như tin nhắn, cuộc gọi, hoặc thông báo từ mạng xã hội.\r\n   - **Ứng dụng hỗ trợ**: Người dùng có thể sử dụng ứng dụng **Sony SmartBand** để kết nối với thiết bị và theo dõi thông tin sức khỏe cũng như các hoạt động thể chất.\r\n\r\n4. **Chống nước**:\r\n   - Sony Band thường có tính năng chống nước, đạt tiêu chuẩn **IP68** hoặc cao hơn, giúp bảo vệ thiết bị khỏi nước và mồ hôi, rất phù hợp cho những người tham gia các hoạt động thể thao như chạy bộ, đạp xe hay bơi lội.\r\n\r\n5. **Thời gian sử dụng pin**:\r\n   - Một trong những điểm mạnh của Sony Band là thời gian sử dụng pin lâu dài. Một số dòng sản phẩm có thể hoạt động liên tục từ 3 đến 7 ngày sau mỗi lần sạc, tùy thuộc vào cách sử dụng.\r\n\r\n6. **Tính năng điều khiển từ xa**:\r\n   - Một số model Sony Band có tính năng điều khiển từ xa các thiết bị khác như camera hoặc âm nhạc trên điện thoại, giúp người dùng dễ dàng chụp ảnh tự sướng hoặc thay đổi bài hát mà không cần chạm vào điện thoại.\r\n\r\n### **Các dòng sản phẩm Sony Band nổi bật**:\r\n- **Sony SmartBand SWR10**: Đây là một trong những model đầu tiên của Sony trong dòng smartband, với các tính năng cơ bản như đo bước đi, theo dõi giấc ngủ, và nhận thông báo từ điện thoại.\r\n- **Sony SmartBand 2 SWR12**: Phiên bản nâng cấp của SWR10, hỗ trợ đo nhịp tim, có màn hình OLED và tính năng chống nước IP68, phù hợp với những ai yêu thích thể thao và muốn theo dõi sức khỏe chính xác hơn.\r\n- **Sony SmartBand Talk SWR30**: Thiết bị này có màn hình hiển thị lớn hơn và tích hợp chức năng thoại, cho phép người dùng nhận và thực hiện cuộc gọi trực tiếp từ smartband.\r\n\r\n### **Tổng kết**:\r\nSony Band là một lựa chọn tốt cho những ai muốn theo dõi sức khỏe, hoạt động thể chất và nhận thông báo thông minh từ điện thoại trong một thiết bị đeo tay nhỏ gọn và tiện dụng. Mặc dù không phổ biến như các dòng smartwatch khác, Sony Band vẫn được yêu thích nhờ vào thiết kế đẹp mắt, tính năng hữu ích và độ bền cao, đặc biệt trong môi trường thể thao hoặc ngoài trời.', 0, '2024-11-24 10:28:30');
COMMIT;

/*!40101 SET CHARACTER_SET_CLIENT=@OLD_CHARACTER_SET_CLIENT */;
/*!40101 SET CHARACTER_SET_RESULTS=@OLD_CHARACTER_SET_RESULTS */;
/*!40101 SET COLLATION_CONNECTION=@OLD_COLLATION_CONNECTION */;
